customer_id,customer_name,segment,country,city,state,postal_code,region
CG-12520,Claire Gute,Consumer,United States,Henderson,Kentucky,42420,South
DV-13045,Darrin Van Huff,Corporate,United States,Los Angeles,California,90036,West
SO-20335,Sean O'Donnell,Consumer,United States,Fort Lauderdale,Florida,33311,South
BH-11710,Brosina Hoffman,Consumer,United States,Los Angeles,California,90032,West
AA-10480,Andrew Allen,Consumer,United States,Concord,North Carolina,28027,South
IM-15070,Irene Maddox,Consumer,United States,Seattle,Washington,98103,West
HP-14815,Harold Pawlan,Home Office,United States,Fort Worth,Texas,76106,Central
PK-19075,Pete Kriz,Consumer,United States,Madison,Wisconsin,53711,Central
AG-10270,Alejandro Grove,Consumer,United States,West Jordan,Utah,84084,West
ZD-21925,Zuschuss Donatelli,Consumer,United States,San Francisco,California,94109,West
KB-16585,Ken Black,Corporate,United States,Fremont,Nebraska,68025,Central
SF-20065,Sandra Flanagan,Consumer,United States,Philadelphia,Pennsylvania,19140,East
EB-13870,Emily Burns,Consumer,United States,Orem,Utah,84057,West
EH-13945,Eric Hoffmann,Consumer,United States,Los Angeles,California,90049,West
TB-21520,Tracy Blumstein,Consumer,United States,Philadelphia,Pennsylvania,19140,East
MA-17560,Matt Abelman,Home Office,United States,Houston,Texas,77095,Central
GH-14485,Gene Hale,Corporate,United States,Richardson,Texas,75080,Central
SN-20710,Steve Nguyen,Home Office,United States,Houston,Texas,77041,Central
LC-16930,Linda Cazamias,Corporate,United States,Naperville,Illinois,60540,Central
RA-19885,Ruben Ausman,Corporate,United States,Los Angeles,California,90049,West
ES-14080,Erin Smith,Corporate,United States,Melbourne,Florida,32935,South
ON-18715,Odella Nelson,Corporate,United States,Eagan,Minnesota,55122,Central
PO-18865,Patrick O'Donnell,Consumer,United States,Westland,Michigan,48185,Central
LH-16900,Lena Hernandez,Consumer,United States,Dover,Delaware,19901,East
DP-13000,Darren Powers,Consumer,United States,New Albany,Indiana,47150,Central
JM-15265,Janet Molinari,Corporate,United States,New York City,New York,10024,East
TB-21055,Ted Butterfield,Consumer,United States,Troy,New York,12180,East
KM-16720,Kunst Miller,Consumer,United States,Los Angeles,California,90004,West
PS-18970,Paul Stevenson,Home Office,United States,Chicago,Illinois,60610,Central
BS-11590,Brendan Sweed,Corporate,United States,Gilbert,Arizona,85234,West
KD-16270,Karen Daniels,Consumer,United States,Springfield,Virginia,22153,South
HM-14980,Henry MacAllister,Consumer,United States,New York City,New York,10009,East
JE-15745,Joel Eaton,Consumer,United States,Memphis,Tennessee,38109,South
KB-16600,Ken Brennan,Corporate,United States,Houston,Texas,77041,Central
SC-20770,Stewart Carmichael,Corporate,United States,Decatur,Alabama,35601,South
DN-13690,Duane Noonan,Consumer,United States,San Francisco,California,94122,West
JC-16105,Julie Creighton,Corporate,United States,Durham,North Carolina,27707,South
CS-12400,Christopher Schild,Home Office,United States,Chicago,Illinois,60623,Central
PG-18895,Paul Gonzalez,Consumer,United States,Rochester,Minnesota,55901,Central
GM-14455,Gary Mitchum,Home Office,United States,Houston,Texas,77095,Central
JS-15685,Jim Sink,Corporate,United States,Los Angeles,California,90036,West
KB-16315,Karl Braun,Consumer,United States,Minneapolis,Minnesota,55407,Central
RB-19705,Roger Barcio,Home Office,United States,Portland,Oregon,97206,West
PN-18775,Parhena Norris,Home Office,United States,New York City,New York,10009,East
KD-16345,Katherine Ducich,Consumer,United States,San Francisco,California,94122,West
ER-13855,Elpida Rittenbach,Corporate,United States,Saint Paul,Minnesota,55106,Central
RB-19465,Rick Bensley,Home Office,United States,Chicago,Illinois,60610,Central
GZ-14470,Gary Zandusky,Consumer,United States,Rochester,Minnesota,55901,Central
LC-16870,Lena Cacioppo,Consumer,United States,Aurora,Colorado,80013,West
JM-15250,Janet Martin,Consumer,United States,Charlotte,North Carolina,28205,South
PA-19060,Pete Armstrong,Home Office,United States,Orland Park,Illinois,60462,Central
CV-12805,Cynthia Voltz,Corporate,United States,New York City,New York,10035,East
CL-12565,Clay Ludtke,Consumer,United States,Urbandale,Iowa,50322,Central
RC-19960,Ryan Crowe,Consumer,United States,Columbus,Ohio,43229,East
DK-13090,Dave Kipp,Consumer,United States,Seattle,Washington,98103,West
GG-14650,Greg Guthrie,Corporate,United States,Bristol,Tennessee,37620,South
SC-20725,Steven Cartwright,Consumer,United States,Wilmington,Delaware,19805,East
AD-10180,Alan Dominguez,Home Office,United States,Houston,Texas,77041,Central
PF-19165,Philip Fox,Consumer,United States,Bloomington,Illinois,61701,Central
TS-21610,Troy Staebel,Consumer,United States,Phoenix,Arizona,85023,West
LS-16975,Lindsay Shagiari,Home Office,United States,Los Angeles,California,90004,West
DW-13585,Dorothy Wardle,Corporate,United States,Columbus,Ohio,43229,East
LC-16885,Lena Creighton,Consumer,United States,Roseville,California,95661,West
JD-15895,Jonathan Doherty,Corporate,United States,Philadelphia,Pennsylvania,19140,East
SH-19975,Sally Hughsby,Corporate,United States,San Francisco,California,94122,West
SG-20080,Sandra Glassco,Consumer,United States,Independence,Missouri,64055,Central
HA-14920,Helen Andreada,Consumer,United States,Pasadena,California,91104,West
MG-17680,Maureen Gastineau,Home Office,United States,Newark,Ohio,43055,East
JE-16165,Justin Ellison,Corporate,United States,Franklin,Wisconsin,53132,Central
TW-21025,Tamara Willingham,Home Office,United States,Scottsdale,Arizona,85254,West
SP-20650,Stephanie Phelps,Corporate,United States,San Jose,California,95123,West
NK-18490,Neil Knudson,Home Office,United States,Seattle,Washington,98105,West
DB-13060,Dave Brooks,Consumer,United States,Seattle,Washington,98115,West
NP-18670,Nora Paige,Consumer,United States,Edmond,Oklahoma,73034,Central
TT-21070,Ted Trevino,Consumer,United States,Los Angeles,California,90045,West
EM-13960,Eric Murdock,Consumer,United States,Philadelphia,Pennsylvania,19134,East
RD-19900,Ruben Dartt,Consumer,United States,Carlsbad,New Mexico,88220,West
MJ-17740,Max Jones,Consumer,United States,Seattle,Washington,98115,West
BM-11140,Becky Martin,Consumer,United States,San Antonio,Texas,78207,Central
CS-12130,Chad Sievert,Consumer,United States,Los Angeles,California,90004,West
JB-15400,Jennifer Braxton,Corporate,United States,Chicago,Illinois,60623,Central
SJ-20500,Shirley Jackson,Consumer,United States,Houston,Texas,77036,Central
JK-15640,Jim Kriz,Home Office,United States,New York City,New York,10009,East
DK-13150,David Kendrick,Corporate,United States,Decatur,Illinois,62521,Central
RM-19675,Robert Marley,Home Office,United States,Monroe,Louisiana,71203,South
SK-19990,Sally Knutson,Consumer,United States,Fairfield,Connecticut,6824,East
FM-14290,Frank Merwin,Home Office,United States,Los Angeles,California,90032,West
AM-10360,Alice McCarthy,Corporate,United States,Grand Prairie,Texas,75051,Central
MP-17470,Mark Packer,Home Office,United States,New York City,New York,10035,East
MZ-17515,Mary Zewe,Corporate,United States,Redlands,California,92374,West
CB-12025,Cassandra Brandow,Consumer,United States,Hamilton,Ohio,45011,East
VM-21685,Valerie Mitchum,Home Office,United States,Westfield,New Jersey,7090,East
FH-14365,Fred Hopkins,Corporate,United States,Philadelphia,Pennsylvania,19120,East
MB-17305,Maria Bertelson,Consumer,United States,Akron,Ohio,44312,East
BS-11755,Bruce Stewart,Consumer,United States,Denver,Colorado,80219,West
LC-17140,Logan Currie,Consumer,United States,Dallas,Texas,75220,Central
HK-14890,Heather Kirkland,Corporate,United States,Franklin,Tennessee,37064,South
LE-16810,Laurel Elliston,Consumer,United States,Whittier,California,90604,West
JH-15985,Joseph Holt,Consumer,United States,Saginaw,Michigan,48601,Central
MS-17980,Michael Stewart,Corporate,United States,Dallas,Texas,75220,Central
VW-21775,Victoria Wilson,Corporate,United States,Medina,Ohio,44256,East
JH-15910,Jonathan Howell,Consumer,United States,Los Angeles,California,90032,West
JB-15925,Joni Blumstein,Consumer,United States,Dublin,Ohio,43017,East
DS-13180,David Smith,Corporate,United States,Detroit,Michigan,48227,Central
VD-21670,Valerie Dominguez,Consumer,United States,Columbia,Tennessee,38401,South
EA-14035,Erin Ashbrook,Corporate,United States,Charlotte,North Carolina,28205,South
DB-13120,David Bremer,Corporate,United States,Santa Clara,California,95051,West
KL-16645,Ken Lonsdale,Consumer,United States,Chicago,Illinois,60610,Central
DW-13480,Dianna Wilson,Home Office,United States,Lakeville,Minnesota,55044,Central
LH-17155,Logan Haushalter,Consumer,United States,San Francisco,California,94109,West
KC-16540,Kelly Collister,Consumer,United States,San Diego,California,92037,West
DL-13315,Delfina Latchford,Consumer,United States,New York City,New York,10024,East
DR-12880,Dan Reichenbach,Corporate,United States,Chicago,Illinois,60623,Central
CC-12670,Craig Carreira,Consumer,United States,New York City,New York,10009,East
Dl-13600,Dorris liebe,Corporate,United States,Pasadena,Texas,77506,Central
SB-20290,Sean Braxton,Corporate,United States,Houston,Texas,77036,Central
RC-19825,Roy Collins,Consumer,United States,Chicago,Illinois,60610,Central
AH-10210,Alan Hwang,Consumer,United States,Brentwood,California,94513,West
CB-12535,Claudia Bergmann,Corporate,United States,Chapel Hill,North Carolina,27514,South
CA-12310,Christine Abelman,Corporate,United States,Cincinnati,Ohio,45231,East
KH-16690,Kristen Hastings,Corporate,United States,San Francisco,California,94110,West
BB-10990,Barry Blumstein,Corporate,United States,Inglewood,California,90301,West
AG-10495,Andrew Gjertsen,Corporate,United States,Philadelphia,Pennsylvania,19140,East
JO-15280,Jas O'Carroll,Consumer,United States,Los Angeles,California,90004,West
AH-10195,Alan Haines,Corporate,United States,Tamarac,Florida,33319,South
NZ-18565,Nick Zandusky,Home Office,United States,Columbus,Ohio,43229,East
KL-16555,Kelly Lampkin,Corporate,United States,Colorado Springs,Colorado,80906,West
AS-10225,Alan Schoenberger,Corporate,United States,New York City,New York,10024,East
CR-12625,Corey Roper,Home Office,United States,Lakewood,New Jersey,8701,East
SH-20395,Shahid Hopkins,Consumer,United States,Arlington,Virginia,22204,South
BP-11185,Ben Peterman,Corporate,United States,Arvada,Colorado,80004,West
TS-21205,Thomas Seio,Corporate,United States,Hackensack,New Jersey,7601,East
AG-10525,Andy Gerbode,Corporate,United States,Saint Petersburg,Florida,33710,South
SP-20860,Sung Pak,Corporate,United States,Philadelphia,Pennsylvania,19143,East
NM-18445,Nathan Mautz,Home Office,United States,New York City,New York,10024,East
FA-14230,Frank Atkinson,Corporate,United States,Long Beach,California,90805,West
GK-14620,Grace Kelly,Corporate,United States,Hesperia,California,92345,West
DJ-13510,Don Jones,Corporate,United States,Murfreesboro,Tennessee,37130,South
PO-18850,Patrick O'Brill,Consumer,United States,Philadelphia,Pennsylvania,19143,East
JL-15850,John Lucas,Consumer,United States,Philadelphia,Pennsylvania,19134,East
DB-13615,Doug Bickford,Consumer,United States,Los Angeles,California,90045,West
AC-10420,Alyssa Crouse,Corporate,United States,San Francisco,California,94122,West
CC-12550,Clay Cheatham,Consumer,United States,San Francisco,California,94122,West
TD-20995,Tamara Dahlen,Consumer,United States,Lowell,Massachusetts,1852,East
AB-10060,Adam Bellavance,Home Office,United States,New York City,New York,10009,East
JL-15505,Jeremy Lonsdale,Consumer,United States,New York City,New York,10035,East
VB-21745,Victoria Brennan,Corporate,United States,Columbus,Georgia,31907,South
KW-16435,Katrina Willman,Consumer,United States,New York City,New York,10009,East
JD-16060,Julia Dunbar,Consumer,United States,San Francisco,California,94109,West
MK-17905,Michael Kennedy,Corporate,United States,Manchester,Connecticut,6040,East
GT-14755,Guy Thornton,Consumer,United States,Harlingen,Texas,78550,Central
AG-10900,Arthur Gainer,Consumer,United States,Tucson,Arizona,85705,West
MM-18280,Muhammed MacIntyre,Corporate,United States,Quincy,Illinois,62301,Central
AR-10405,Allen Rosenblatt,Corporate,United States,Franklin,Massachusetts,2038,East
RA-19915,Russell Applegate,Consumer,United States,Houston,Texas,77095,Central
AS-10285,Alejandro Savely,Corporate,United States,San Francisco,California,94109,West
LA-16780,Laura Armstrong,Corporate,United States,Taylor,Michigan,48180,Central
DO-13435,Denny Ordway,Consumer,United States,Pembroke Pines,Florida,33024,South
DK-13225,Dean Katz,Corporate,United States,Philadelphia,Pennsylvania,19140,East
NG-18430,Nathan Gelder,Consumer,United States,Cincinnati,Ohio,45231,East
MV-18190,Mike Vittorini,Consumer,United States,New York City,New York,10009,East
JG-15115,Jack Garza,Consumer,United States,Des Moines,Washington,98198,West
BP-11095,Bart Pistole,Corporate,United States,Peoria,Illinois,61604,Central
VP-21730,Victor Preis,Home Office,United States,Las Vegas,Nevada,89115,West
SS-20140,Saphhira Shifley,Corporate,United States,Warwick,Rhode Island,2886,East
AG-10675,Anna Gayman,Consumer,United States,Houston,Texas,77036,Central
LF-17185,Luke Foster,Consumer,United States,Miami,Florida,33180,South
RF-19840,Roy Französisch,Consumer,United States,New York City,New York,10024,East
KH-16510,Keith Herrera,Consumer,United States,San Francisco,California,94110,West
KC-16675,Kimberly Carter,Corporate,United States,Seattle,Washington,98105,West
CJ-12010,Caroline Jumper,Consumer,United States,Huntington Beach,California,92646,West
PB-19150,Philip Brown,Consumer,United States,Los Angeles,California,90004,West
MP-17965,Michael Paige,Corporate,United States,Lawrence,Massachusetts,1841,East
NF-18385,Natalie Fritzler,Consumer,United States,Jackson,Mississippi,39212,South
SD-20485,Shirley Daniels,Home Office,United States,New Rochelle,New York,10801,East
KH-16630,Ken Heidel,Corporate,United States,San Antonio,Texas,78207,Central
RB-19795,Ross Baird,Home Office,United States,Gastonia,North Carolina,28052,South
MK-18160,Mike Kennedy,Consumer,United States,Jacksonville,Florida,32216,South
PO-19180,Philisse Overcash,Home Office,United States,Chicago,Illinois,60623,Central
BB-11545,Brenda Bowman,Corporate,United States,Houston,Texas,77070,Central
TB-21595,Troy Blackwell,Consumer,United States,Columbus,Indiana,47201,Central
RB-19360,Raymond Buch,Consumer,United States,Auburn,New York,13021,East
EB-13705,Ed Braxton,Corporate,United States,Akron,Ohio,44312,East
SC-20095,Sanjit Chand,Consumer,United States,Concord,California,94521,West
TN-21040,Tanja Norvell,Home Office,United States,Phoenix,Arizona,85023,West
JS-15940,Joni Sundaresam,Home Office,United States,Park Ridge,Illinois,60068,Central
MH-17785,Maya Herman,Corporate,United States,Lindenhurst,New York,11757,East
JP-15520,Jeremy Pistek,Consumer,United States,San Francisco,California,94110,West
JE-15475,Jeremy Ellison,Consumer,United States,Troy,New York,12180,East
JG-15805,John Grady,Corporate,United States,New York City,New York,10024,East
XP-21865,Xylona Preis,Consumer,United States,San Diego,California,92024,West
EM-14065,Erin Mull,Consumer,United States,New York City,New York,10024,East
MT-18070,Michelle Tran,Home Office,United States,Los Angeles,California,90045,West
SA-20830,Sue Ann Reed,Consumer,United States,Chicago,Illinois,60610,Central
CW-11905,Carl Weiss,Home Office,United States,Huntsville,Texas,77340,Central
AJ-10960,Astrea Jones,Consumer,United States,Rochester,New York,14609,East
SS-20590,Sonia Sunley,Consumer,United States,Seattle,Washington,98115,West
RO-19780,Rose O'Brian,Consumer,United States,Memphis,Tennessee,38109,South
MD-17350,Maribeth Dona,Consumer,United States,Fayetteville,Arkansas,72701,South
MY-17380,Maribeth Yedwab,Corporate,United States,Parker,Colorado,80134,West
CM-12385,Christopher Martinez,Consumer,United States,Atlanta,Georgia,30318,South
LS-17245,Lynn Smith,Consumer,United States,Gladstone,Missouri,64118,Central
BN-11515,Bradley Nguyen,Consumer,United States,Los Angeles,California,90049,West
DB-13210,Dean Braden,Consumer,United States,Houston,Texas,77041,Central
MC-17605,Matt Connell,Corporate,United States,Detroit,Michigan,48234,Central
BD-11605,Brian Dahlen,Consumer,United States,Lawrence,Massachusetts,1841,East
PH-18790,Patricia Hirasaki,Home Office,United States,Lakeland,Florida,33801,South
MG-18145,Mike Gockenbach,Consumer,United States,Philadelphia,Pennsylvania,19134,East
KB-16240,Karen Bern,Corporate,United States,Los Angeles,California,90036,West
JC-15340,Jasper Cacioppo,Consumer,United States,Los Angeles,California,90032,West
RL-19615,Rob Lucas,Consumer,United States,Montgomery,Alabama,36116,South
AA-10375,Allen Armold,Consumer,United States,Mesa,Arizona,85204,West
EP-13915,Emily Phan,Consumer,United States,Chicago,Illinois,60653,Central
DK-12985,Darren Koutras,Consumer,United States,Henderson,Kentucky,42420,South
BD-11500,Bradley Drucker,Consumer,United States,Green Bay,Wisconsin,54302,Central
LM-17065,Liz MacKendrick,Consumer,United States,Springfield,Ohio,45503,East
AS-10135,Adrian Shami,Home Office,United States,New York City,New York,10035,East
BD-11320,Bill Donatelli,Consumer,United States,San Francisco,California,94110,West
GT-14710,Greg Tran,Consumer,United States,Houston,Texas,77070,Central
AJ-10945,Ashley Jarboe,Consumer,United States,Wilmington,North Carolina,28403,South
OT-18730,Olvera Toch,Consumer,United States,Los Angeles,California,90045,West
LP-17080,Liz Pelletier,Consumer,United States,San Francisco,California,94110,West
CA-12775,Cynthia Arntzen,Consumer,United States,Tampa,Florida,33614,South
JF-15490,Jeremy Farry,Consumer,United States,Seattle,Washington,98105,West
FP-14320,Frank Preis,Consumer,United States,Los Angeles,California,90008,West
EB-13840,Ellis Ballard,Corporate,United States,Seattle,Washington,98105,West
JF-15415,Jennifer Ferguson,Consumer,United States,New York City,New York,10024,East
SF-20200,Sarah Foster,Consumer,United States,Marysville,Washington,98270,West
TG-21640,Trudy Glocke,Consumer,United States,Long Beach,California,90805,West
CS-11950,Carlos Soltero,Consumer,United States,Chicago,Illinois,60610,Central
CC-12145,Charles Crestani,Consumer,United States,Los Angeles,California,90004,West
DV-13465,Dianna Vittorini,Consumer,United States,Denver,Colorado,80219,West
BD-11725,Bruce Degenhardt,Consumer,United States,Richmond,Kentucky,40475,South
ZC-21910,Zuschuss Carroll,Consumer,United States,Salem,Oregon,97301,West
MS-17830,Melanie Seite,Consumer,United States,Laredo,Texas,78041,Central
LR-16915,Lena Radford,Consumer,United States,San Diego,California,92024,West
TP-21130,Theone Pippenger,Consumer,United States,Philadelphia,Pennsylvania,19134,East
CK-12205,Chloris Kastensmidt,Consumer,United States,Philadelphia,Pennsylvania,19120,East
AS-10240,Alan Shonely,Consumer,United States,Tampa,Florida,33614,South
AR-10510,Andrew Roberts,Consumer,United States,Philadelphia,Pennsylvania,19134,East
NB-18655,Nona Balk,Corporate,United States,Dallas,Texas,75217,Central
GD-14590,Giulietta Dortch,Corporate,United States,Philadelphia,Pennsylvania,19143,East
CK-12595,Clytie Kelty,Consumer,United States,Grove City,Ohio,43123,East
NG-18355,Nat Gilpin,Corporate,United States,New York City,New York,10011,East
CA-12265,Christina Anderson,Consumer,United States,Chicago,Illinois,60610,Central
SF-20965,Sylvia Foulston,Corporate,United States,Dearborn,Michigan,48126,Central
MO-17800,Meg O'Connel,Home Office,United States,New York City,New York,10009,East
AT-10735,Annie Thurman,Consumer,United States,Seattle,Washington,98115,West
FM-14380,Fred McMath,Consumer,United States,Aurora,Colorado,80013,West
DJ-13420,Denny Joy,Corporate,United States,Warner Robins,Georgia,31088,South
ME-17725,Max Engle,Consumer,United States,Aurora,Colorado,80013,West
JD-16150,Justin Deggeller,Corporate,United States,Minneapolis,Minnesota,55407,Central
JL-15835,John Lee,Consumer,United States,Mission Viejo,California,92691,West
SC-20305,Sean Christensen,Consumer,United States,Rochester Hills,Michigan,48307,Central
CC-12430,Chuck Clark,Home Office,United States,Columbus,Indiana,47201,Central
AR-10825,Anthony Rawles,Corporate,United States,Vancouver,Washington,98661,West
SR-20740,Steven Roelle,Home Office,United States,New York City,New York,10024,East
CR-12730,Craig Reiter,Consumer,United States,Columbus,Ohio,43229,East
EH-14125,Eugene Hildebrand,Home Office,United States,Aurora,Illinois,60505,Central
SP-20545,Sibella Parks,Corporate,United States,New York City,New York,10011,East
TH-21235,Tiffany House,Corporate,United States,Dallas,Texas,75081,Central
RP-19390,Resi Pölking,Consumer,United States,Cleveland,Ohio,44105,East
RB-19570,Rob Beeghly,Consumer,United States,Columbus,Indiana,47201,Central
CD-11980,Carol Darley,Consumer,United States,Tyler,Texas,75701,Central
DJ-13630,Doug Jacobs,Consumer,United States,New York City,New York,10024,East
GT-14635,Grant Thornton,Corporate,United States,Burlington,North Carolina,27217,South
MC-17845,Michael Chen,Consumer,United States,Jackson,Mississippi,39212,South
RA-19285,Ralph Arnett,Consumer,United States,New York City,New York,10035,East
NP-18325,Naresj Patel,Consumer,United States,Waynesboro,Virginia,22980,South
AB-10165,Alan Barnes,Consumer,United States,Los Angeles,California,90036,West
JO-15550,Jesus Ocampo,Home Office,United States,Chester,Pennsylvania,19013,East
JK-15370,Jay Kimmel,Consumer,United States,Long Beach,California,90805,West
BN-11470,Brad Norvell,Corporate,United States,Cary,North Carolina,27511,South
DP-13165,David Philippe,Consumer,United States,New York City,New York,10035,East
TH-21550,Tracy Hopkins,Home Office,United States,New York City,New York,10035,East
AP-10915,Arthur Prichep,Consumer,United States,Palm Coast,Florida,32137,South
RS-19765,Roland Schwarz,Corporate,United States,Mount Vernon,New York,10550,East
SV-20365,Seth Vernon,Consumer,United States,Dover,Delaware,19901,East
CK-12325,Christine Kargatis,Home Office,United States,Orem,Utah,84057,West
RD-19810,Ross DeVincentis,Home Office,United States,Los Angeles,California,90045,West
MR-17545,Mathew Reese,Home Office,United States,Philadelphia,Pennsylvania,19140,East
SC-20695,Steve Chapman,Corporate,United States,Hialeah,Florida,33012,South
JF-15355,Jay Fein,Consumer,United States,Austin,Texas,78745,Central
EG-13900,Emily Grady,Consumer,United States,Oceanside,New York,11572,East
DS-13030,Darrin Sayre,Home Office,United States,Seattle,Washington,98115,West
PO-19195,Phillina Ober,Home Office,United States,Naperville,Illinois,60540,Central
SS-20875,Sung Shariari,Consumer,United States,Dallas,Texas,75220,Central
PB-19105,Peter Bühler,Consumer,United States,Evanston,Illinois,60201,Central
RF-19735,Roland Fjeld,Consumer,United States,Trenton,Michigan,48183,Central
YC-21895,Yoseph Carroll,Corporate,United States,San Francisco,California,94110,West
DC-13285,Debra Catini,Consumer,United States,Cottage Grove,Minnesota,55016,Central
CP-12340,Christine Phan,Corporate,United States,New York City,New York,10009,East
BF-11020,Barry Französisch,Corporate,United States,Green Bay,Wisconsin,54302,Central
LH-17020,Lisa Hazard,Consumer,United States,Columbus,Ohio,43229,East
CS-12250,Chris Selesnick,Corporate,United States,Bossier City,Louisiana,71111,South
AJ-10795,Anthony Johnson,Corporate,United States,Saint Petersburg,Florida,33710,South
BV-11245,Benjamin Venier,Corporate,United States,Des Moines,Iowa,50315,Central
DL-12865,Dan Lawera,Consumer,United States,Cincinnati,Ohio,45231,East
BM-11785,Bryan Mills,Consumer,United States,Columbus,Ohio,43229,East
LT-17110,Liz Thompson,Consumer,United States,Lancaster,California,93534,West
JK-15730,Joe Kamberova,Consumer,United States,Asheville,North Carolina,28806,South
ES-14020,Erica Smith,Consumer,United States,San Francisco,California,94110,West
RH-19495,Rick Hansen,Consumer,United States,Rochester,Minnesota,55901,Central
CD-11920,Carlos Daly,Consumer,United States,Lake Elsinore,California,92530,West
HW-14935,Helen Wasserman,Corporate,United States,San Diego,California,92105,West
MC-18130,Mike Caudle,Corporate,United States,Monroe,Louisiana,71203,South
GM-14440,Gary McGarr,Consumer,United States,San Francisco,California,94122,West
PJ-19015,Pauline Johnson,Consumer,United States,Santa Ana,California,92704,West
BW-11110,Bart Watters,Corporate,United States,Milwaukee,Wisconsin,53209,Central
TR-21325,Toby Ritter,Consumer,United States,Belleville,New Jersey,7109,East
PG-18820,Patrick Gardner,Consumer,United States,San Francisco,California,94110,West
JL-15175,James Lanier,Home Office,United States,Columbia,Tennessee,38401,South
BM-11650,Brian Moss,Corporate,United States,New York City,New York,10035,East
EM-14095,Eudokia Martin,Corporate,United States,Los Angeles,California,90036,West
AF-10885,Art Foster,Consumer,United States,Louisville,Kentucky,40214,South
GA-14725,Guy Armstrong,Consumer,United States,Lorain,Ohio,44052,East
CK-12760,Cyma Kinney,Corporate,United States,Linden,New Jersey,7036,East
DP-13105,Dave Poirier,Corporate,United States,Salinas,California,93905,West
BK-11260,Berenike Kampe,Consumer,United States,New York City,New York,10035,East
SJ-20125,Sanjit Jacobs,Home Office,United States,New Brunswick,New Jersey,8901,East
CM-12445,Chuck Magee,Consumer,United States,San Francisco,California,94122,West
AJ-10780,Anthony Jacobs,Corporate,United States,Springfield,Virginia,22153,South
LS-16945,Linda Southworth,Corporate,United States,Philadelphia,Pennsylvania,19140,East
GP-14740,Guy Phonely,Corporate,United States,Lancaster,Pennsylvania,17602,East
PK-18910,Paul Knutson,Home Office,United States,Philadelphia,Pennsylvania,19143,East
SM-20005,Sally Matthias,Consumer,United States,New York City,New York,10009,East
AG-10765,Anthony Garverick,Home Office,United States,Philadelphia,Pennsylvania,19120,East
PM-19135,Peter McVee,Home Office,United States,Detroit,Michigan,48227,Central
LL-16840,Lauren Leatherbury,Consumer,United States,Rochester,New York,14609,East
JS-15595,Jill Stevenson,Corporate,United States,Los Angeles,California,90045,West
EL-13735,Ed Ludwig,Home Office,United States,Columbia,Maryland,21044,East
PC-18745,Pamela Coakley,Corporate,United States,San Francisco,California,94122,West
HL-15040,Hunter Lopez,Consumer,United States,Houston,Texas,77095,Central
MS-17365,Maribeth Schnelling,Consumer,United States,Detroit,Michigan,48227,Central
GB-14530,George Bell,Corporate,United States,Auburn,New York,13021,East
JR-16210,Justin Ritter,Corporate,United States,Springfield,Ohio,45503,East
BE-11335,Bill Eplett,Home Office,United States,Jackson,Michigan,49201,Central
SC-20050,Sample Company A,Home Office,United States,Norwich,Connecticut,6360,East
RW-19630,Rob Williams,Corporate,United States,Dallas,Texas,75220,Central
SE-20110,Sanjit Engle,Consumer,United States,New York City,New York,10009,East
AH-10075,Adam Hart,Corporate,United States,New York City,New York,10011,East
JM-15535,Jessica Myrick,Consumer,United States,Philadelphia,Pennsylvania,19143,East
JJ-15760,Joel Jenkins,Home Office,United States,Springfield,Virginia,22153,South
RK-19300,Ralph Kennedy,Consumer,United States,Philadelphia,Pennsylvania,19140,East
CG-12040,Catherine Glotzbach,Home Office,United States,Philadelphia,Pennsylvania,19120,East
RP-19270,Rachel Payne,Corporate,United States,Riverside,California,92503,West
KC-16255,Karen Carlisle,Corporate,United States,San Francisco,California,94110,West
KH-16360,Katherine Hughes,Consumer,United States,Philadelphia,Pennsylvania,19143,East
GH-14665,Greg Hansen,Consumer,United States,Round Rock,Texas,78664,Central
SW-20275,Scott Williamson,Consumer,United States,Jackson,Mississippi,39212,South
JA-15970,Joseph Airdo,Consumer,United States,Phoenix,Arizona,85023,West
DL-12925,Daniel Lacy,Consumer,United States,Oceanside,California,92054,West
LW-16990,Lindsay Williams,Corporate,United States,San Francisco,California,94110,West
TB-21190,Thomas Brumley,Home Office,United States,Fayetteville,Arkansas,72701,South
BS-11800,Bryan Spruell,Home Office,United States,New York City,New York,10011,East
RW-19690,Robert Waldorf,Consumer,United States,Wilmington,North Carolina,28403,South
TZ-21580,Tracy Zic,Consumer,United States,Louisville,Colorado,80027,West
AS-10630,Ann Steele,Home Office,United States,Pasadena,Texas,77506,Central
TS-21340,Toby Swindell,Consumer,United States,Houston,Texas,77041,Central
SL-20155,Sara Luxemburg,Home Office,United States,Jacksonville,Florida,32216,South
MW-18235,Mitch Willingham,Corporate,United States,Virginia Beach,Virginia,23464,South
RD-19585,Rob Dowd,Consumer,United States,Henderson,Kentucky,42420,South
RA-19945,Ryan Akin,Consumer,United States,Murrieta,California,92563,West
MT-17815,Meg Tillman,Consumer,United States,Scottsdale,Arizona,85254,West
VG-21790,Vivek Gonzalez,Consumer,United States,San Diego,California,92037,West
JS-15880,John Stevenson,Consumer,United States,Seattle,Washington,98103,West
KM-16225,Kalyca Meade,Corporate,United States,New York City,New York,10011,East
HR-14770,Hallie Redmond,Home Office,United States,Los Angeles,California,90045,West
DE-13255,Deanra Eno,Home Office,United States,Springfield,Ohio,45503,East
AG-10390,Allen Goldenen,Consumer,United States,Cincinnati,Ohio,45231,East
JJ-15445,Jennifer Jackson,Consumer,United States,Los Angeles,California,90004,West
JH-15430,Jennifer Halladay,Consumer,United States,Burlington,North Carolina,27217,South
RD-19660,Robert Dilbeck,Home Office,United States,Saint Peters,Missouri,63376,Central
MO-17500,Mary O'Rourke,Consumer,United States,New York City,New York,10035,East
NS-18640,Noel Staavos,Corporate,United States,Chicago,Illinois,60610,Central
DG-13300,Deirdre Greer,Corporate,United States,Philadelphia,Pennsylvania,19134,East
NF-18595,Nicole Fjeld,Home Office,United States,New York City,New York,10009,East
MG-17650,Matthew Grinstein,Home Office,United States,Philadelphia,Pennsylvania,19143,East
TS-21160,Theresa Swint,Corporate,United States,Toledo,Ohio,43615,East
BD-11620,Brian DeCherney,Consumer,United States,San Francisco,California,94122,West
CM-12160,Charles McCrossin,Consumer,United States,Brownsville,Texas,78521,Central
SN-20560,Skye Norling,Home Office,United States,Los Angeles,California,90008,West
EH-14005,Erica Hernandez,Home Office,United States,Denver,Colorado,80219,West
FO-14305,Frank Olsen,Consumer,United States,New York City,New York,10035,East
MS-17710,Maurice Satty,Consumer,United States,Mesa,Arizona,85204,West
CC-12100,Chad Cunningham,Home Office,United States,Columbus,Indiana,47201,Central
DW-13540,Don Weiss,Consumer,United States,Seattle,Washington,98105,West
BT-11395,Bill Tyler,Corporate,United States,Detroit,Michigan,48227,Central
CY-12745,Craig Yedwab,Corporate,United States,Oakland,California,94601,West
BT-11485,Brad Thomas,Home Office,United States,Clinton,Maryland,20735,East
PS-19045,Penelope Sewall,Home Office,United States,Charlotte,North Carolina,28205,South
PV-18985,Paul Van Hugh,Home Office,United States,San Francisco,California,94122,West
NM-18520,Neoma Murray,Consumer,United States,Riverside,California,92503,West
DL-13495,Dionis Lloyd,Corporate,United States,San Francisco,California,94110,West
CS-12355,Christine Sundaresam,Consumer,United States,Roswell,Georgia,30076,South
FH-14275,Frank Hawley,Corporate,United States,La Porte,Indiana,46350,Central
NC-18340,Nat Carroll,Consumer,United States,Lansing,Michigan,48911,Central
AA-10315,Alex Avila,Consumer,United States,Minneapolis,Minnesota,55407,Central
LT-16765,Larry Tron,Consumer,United States,Escondido,California,92025,West
AP-10720,Anne Pryor,Home Office,United States,New York City,New York,10035,East
