customer_id,customer_name,city,segment,total_orders,lifetime_spend,ltv_rank
CUST0116,Unknown Customer,Mumbai,Corporate,9,17847.44,1
CUST0464,Aadhya Mehta,Kolkata,Consumer,9,15947.61,2
CUST0143,Sai Deshmukh,Chennai,Home Office,10,14969.09,3
CUST0424,Arjun Gupta,Delhi,Corporate,10,14571.99,4
CUST0966,Sai Sharma,Chennai,Corporate,10,14080.28,5
CUST0184,Krishna Gupta,Delhi,Home Office,10,13490.45,6
CUST0317,Ishaan Nair,Delhi,Corporate,9,13461.3,7
CUST0400,Krishna Chawla,Chennai,Corporate,9,13408.35,8
CUST0570,Pari Bhat,Mumbai,Corporate,7,13086.31,9
CUST0415,Arjun Mehta,Ahmedabad,Consumer,9,12972.47,10
CUST0834,Navya Chawla,Pune,Home Office,8,12561.51,11
CUST0888,Navya Iyer,Ahmedabad,Corporate,9,12509.17,12
CUST0663,Ananya Choudhury,Pune,Home Office,9,12347.36,13
CUST0881,Vihaan Choudhury,Jaipur,Consumer,8,12125.11,14
CUST0598,Aarav Kulkarni,Kolkata,Corporate,8,12108.33,15
CUST0638,Reyansh Choudhury,Chennai,Consumer,7,11993.1,16
CUST0413,Anika Iyer,Jaipur,Home Office,9,11913.74,17
CUST0341,Riya Reddy,Pune,Home Office,8,11856.32,18
CUST0553,Ayaan Sharma,Pune,Consumer,6,11769.47,19
CUST0503,Sai Mehta,Kolkata,Home Office,7,11736.84,20
CUST0158,Unknown Customer,Jaipur,Consumer,9,11616.11,21
CUST0927,Reyansh Choudhury,Chennai,Home Office,6,11569.84,22
CUST0208,Ishaan Choudhury,Kolkata,Corporate,6,11568.63,23
CUST0591,Vivaan Reddy,Ahmedabad,Corporate,8,11502.15,24
CUST0242,Vivaan Singh,Bangalore,Home Office,7,11395.38,25
CUST0757,Sai Deshmukh,Bangalore,Home Office,7,11314.19,26
CUST0963,Ayaan Patel,Kolkata,Consumer,6,11253.94,27
CUST0449,Unknown Customer,Mumbai,Consumer,6,11106.08,28
CUST0442,Reyansh Kulkarni,Mumbai,Home Office,5,11007.45,29
CUST0271,Angel Das,Bangalore,Consumer,9,10993.07,30
CUST0690,Aarav Verma,Chennai,Corporate,7,10772.97,31
CUST0866,Ishaan Chawla,Mumbai,Corporate,8,10750.06,32
CUST0039,Arjun Choudhury,Jaipur,Corporate,5,10698.26,33
CUST0813,Angel Verma,Hyderabad,Corporate,9,10698.18,34
CUST0002,Aditya Das,Mumbai,Consumer,7,10614.77,35
CUST0622,Riya Deshmukh,Pune,Home Office,7,10508.81,36
CUST0452,Angel Iyer,Ahmedabad,Consumer,7,10450.53,37
CUST0350,Reyansh Kulkarni,Hyderabad,Corporate,5,10191.84,38
CUST0605,Navya Verma,Pune,Consumer,6,10167.54,39
CUST0145,Reyansh Saxena,Kolkata,Corporate,6,10166.08,40
CUST0870,Pari Mehta,Kolkata,Consumer,6,10133.31,41
CUST0275,Angel Iyer,Kolkata,Home Office,6,10059.94,42
CUST0112,Ishaan Choudhury,Pune,Home Office,6,10050.25,43
CUST0782,Aditya Das,Chennai,Consumer,6,10040.0,44
CUST0046,Riya Saxena,Hyderabad,Consumer,8,10020.47,45
CUST0267,Riya Saxena,Ahmedabad,Consumer,7,9950.21,46
CUST0615,Aditya Sen,Hyderabad,Corporate,7,9934.02,47
CUST0959,Pari Joshi,Bangalore,Consumer,7,9915.44,48
CUST0631,Ananya Verma,Delhi,Consumer,6,9883.55,49
CUST0509,Aarav Gupta,Jaipur,Home Office,7,9864.44,50
CUST0036,Vihaan Choudhury,Ahmedabad,Consumer,7,9797.77,51
CUST0041,Unknown Customer,Bangalore,Corporate,7,9796.67,52
CUST0079,Vihaan Choudhury,Bangalore,Consumer,8,9796.07,53
CUST0383,Unknown Customer,Delhi,Home Office,7,9726.01,54
CUST0272,Saanvi Gupta,Hyderabad,Corporate,6,9665.91,55
CUST0793,Myra Saxena,Delhi,Home Office,7,9634.26,56
CUST0592,Diya Deshmukh,Hyderabad,Corporate,7,9567.93,57
CUST0689,Ayaan Kapoor,Jaipur,Corporate,5,9536.22,58
CUST0052,Aarav Verma,Delhi,Corporate,7,9505.48,59
CUST0055,Arjun Bhat,Jaipur,Corporate,8,9476.27,60
CUST0069,Saanvi Iyer,Hyderabad,Home Office,8,9397.48,61
CUST0404,Riya Iyer,Bangalore,Home Office,7,9376.33,62
CUST0973,Ananya Joshi,Unknown City,Corporate,6,9345.26,63
CUST0991,Aarav Mehta,Kolkata,Corporate,7,9334.67,64
CUST0177,Sai Gupta,Delhi,Home Office,9,9320.32,65
CUST0725,Ishaan Patel,Hyderabad,Home Office,6,9298.54,66
CUST0355,Anika Sharma,Kolkata,Corporate,8,9287.45,67
CUST0621,Navya Gupta,Ahmedabad,Home Office,8,9221.79,68
CUST0379,Sai Singh,Delhi,Corporate,6,9188.15,69
CUST0760,Myra Nair,Delhi,Corporate,5,9140.52,70
CUST0556,Saanvi Deshmukh,Ahmedabad,Corporate,5,9127.95,71
CUST0082,Vihaan Sharma,Pune,Corporate,6,9088.06,72
CUST0947,Unknown Customer,Mumbai,Home Office,5,9081.31,73
CUST0544,Angel Rao,Delhi,Consumer,7,9044.56,74
CUST0659,Saanvi Deshmukh,Kolkata,Consumer,5,9010.88,75
CUST0205,Riya Chawla,Chennai,Home Office,8,9004.8,76
CUST0887,Krishna Iyer,Mumbai,Consumer,9,8988.86,77
CUST0061,Aadhya Choudhury,Jaipur,Consumer,8,8977.43,78
CUST0017,Diya Singh,Hyderabad,Consumer,6,8963.82,79
CUST0700,Diya Chawla,Hyderabad,Consumer,6,8952.19,80
CUST0548,Arjun Verma,Delhi,Corporate,5,8929.66,81
CUST0193,Ishaan Nair,Bangalore,Home Office,8,8918.72,82
CUST0474,Anika Kulkarni,Hyderabad,Corporate,6,8906.74,83
CUST0653,Aadhya Deshmukh,Mumbai,Home Office,6,8901.94,84
CUST0299,Pari Sen,Ahmedabad,Home Office,6,8873.5,85
CUST0130,Myra Kulkarni,Ahmedabad,Consumer,6,8835.26,86
CUST0937,Ananya Patel,Ahmedabad,Home Office,6,8832.72,87
CUST0171,Ayaan Bhat,Mumbai,Consumer,6,8809.46,88
CUST0510,Unknown Customer,Pune,Home Office,6,8784.59,89
CUST0003,Angel Chawla,Ahmedabad,Consumer,6,8735.2,90
CUST0437,Aditya Sen,Ahmedabad,Home Office,5,8716.4,91
CUST0462,Navya Deshmukh,Pune,Consumer,5,8692.52,92
CUST0289,Diya Nair,Mumbai,Home Office,5,8654.41,93
CUST0479,Aditya Sharma,Mumbai,Home Office,9,8604.94,94
CUST0853,Angel Rao,Jaipur,Home Office,5,8604.88,95
CUST0487,Anika Sen,Bangalore,Consumer,6,8429.91,96
CUST0809,Anika Mehta,Hyderabad,Corporate,5,8414.97,97
CUST0445,Navya Iyer,Hyderabad,Corporate,6,8408.19,98
CUST0358,Angel Sharma,Chennai,Home Office,6,8402.36,99
CUST0274,Riya Sen,Mumbai,Corporate,5,8398.29,100
CUST0907,Saanvi Patel,Mumbai,Home Office,5,8397.22,101
CUST0507,Reyansh Verma,Jaipur,Home Office,5,8386.12,102
CUST0123,Angel Joshi,Chennai,Home Office,6,8382.49,103
CUST0892,Riya Singh,Mumbai,Corporate,7,8364.34,104
CUST0043,Pari Deshmukh,Hyderabad,Home Office,5,8296.36,105
CUST0323,Aadhya Sen,Hyderabad,Consumer,6,8253.86,106
CUST0034,Ayaan Deshmukh,Pune,Home Office,6,8220.78,107
CUST0113,Pari Singh,Pune,Consumer,5,8220.52,108
CUST0276,Krishna Joshi,Bangalore,Corporate,7,8215.9,109
CUST0643,Anika Reddy,Bangalore,Corporate,4,8211.44,110
CUST0210,Angel Rao,Delhi,Consumer,5,8185.22,111
CUST0481,Ishaan Joshi,Jaipur,Corporate,5,8184.31,112
CUST0904,Navya Rao,Mumbai,Home Office,7,8177.35,113
CUST0390,Vivaan Iyer,Hyderabad,Home Office,5,8160.85,114
CUST0187,Aditya Iyer,Bangalore,Consumer,6,8143.6,115
CUST0001,Vihaan Sharma,Hyderabad,Consumer,7,8125.38,116
CUST0744,Vihaan Rao,Chennai,Corporate,5,8123.25,117
CUST0397,Aditya Singh,Mumbai,Home Office,7,8110.06,118
CUST0856,Diya Kulkarni,Unknown City,Corporate,5,8106.68,119
CUST0096,Aarav Choudhury,Mumbai,Home Office,6,8098.67,120
CUST0877,Diya Gupta,Kolkata,Home Office,7,8093.12,121
CUST0229,Ananya Singh,Jaipur,Corporate,6,8085.3,122
CUST0435,Saanvi Iyer,Delhi,Corporate,5,8077.17,123
CUST0389,Myra Sen,Bangalore,Corporate,6,8067.78,124
CUST0873,Arjun Kapoor,Bangalore,Home Office,8,8046.78,125
CUST0030,Aditya Sen,Hyderabad,Consumer,8,8046.53,126
CUST0387,Aarav Sen,Kolkata,Corporate,7,8033.53,127
CUST0490,Sai Joshi,Mumbai,Consumer,5,8027.43,128
CUST0280,Arjun Rao,Pune,Consumer,6,8015.76,129
CUST0217,Ananya Chawla,Hyderabad,Home Office,6,7989.5,130
CUST0620,Krishna Kulkarni,Jaipur,Home Office,6,7980.0,131
CUST0475,Pari Kulkarni,Ahmedabad,Consumer,7,7976.37,132
CUST0049,Saanvi Nair,Ahmedabad,Home Office,5,7962.5,133
CUST0091,Pari Gupta,Kolkata,Home Office,4,7927.63,134
CUST0035,Navya Sharma,Ahmedabad,Consumer,6,7910.26,135
CUST0302,Pari Sen,Mumbai,Consumer,4,7905.59,136
CUST0737,Diya Iyer,Kolkata,Corporate,4,7889.22,137
CUST0252,Aadhya Chawla,Kolkata,Home Office,7,7882.78,138
CUST0018,Angel Joshi,Pune,Consumer,6,7870.68,139
CUST0508,Ayaan Sharma,Ahmedabad,Corporate,7,7836.54,140
CUST0482,Riya Nair,Bangalore,Consumer,5,7834.33,141
CUST0185,Vihaan Gupta,Ahmedabad,Corporate,7,7833.01,142
CUST0189,Pari Deshmukh,Delhi,Consumer,6,7806.62,143
CUST0681,Saanvi Nair,Delhi,Home Office,6,7792.32,144
CUST0826,Arjun Patel,Ahmedabad,Consumer,9,7788.63,145
CUST0546,Vihaan Singh,Pune,Consumer,6,7760.41,146
CUST0578,Riya Das,Hyderabad,Corporate,4,7734.02,147
CUST0829,Ishaan Sen,Delhi,Home Office,6,7731.49,148
CUST0655,Myra Iyer,Kolkata,Corporate,7,7642.87,149
CUST0843,Vivaan Kulkarni,Kolkata,Corporate,5,7637.22,150
CUST0953,Ayaan Nair,Kolkata,Corporate,5,7613.22,151
CUST0347,Ananya Kulkarni,Hyderabad,Consumer,4,7608.75,152
CUST0351,Sai Sharma,Pune,Home Office,6,7597.37,153
CUST0068,Vihaan Nair,Delhi,Consumer,5,7571.93,154
CUST0978,Riya Reddy,Pune,Consumer,5,7569.92,155
CUST0766,Saanvi Mehta,Pune,Home Office,5,7552.97,156
CUST0064,Krishna Iyer,Pune,Corporate,5,7544.57,157
CUST0164,Ananya Kapoor,Bangalore,Consumer,8,7539.56,158
CUST0759,Ishaan Nair,Mumbai,Consumer,4,7513.06,159
CUST0362,Diya Das,Chennai,Home Office,5,7498.14,160
CUST0494,Vihaan Sharma,Jaipur,Consumer,5,7488.86,161
CUST0518,Anika Sen,Mumbai,Corporate,4,7488.28,162
CUST0066,Aditya Verma,Hyderabad,Consumer,5,7472.83,163
CUST0324,Diya Chawla,Hyderabad,Home Office,5,7365.42,164
CUST0608,Pari Gupta,Delhi,Home Office,7,7336.32,165
CUST0976,Aditya Patel,Bangalore,Consumer,5,7327.66,166
CUST0162,Riya Gupta,Kolkata,Corporate,5,7326.45,167
CUST0761,Aadhya Mehta,Delhi,Consumer,4,7281.52,168
CUST0981,Krishna Iyer,Pune,Corporate,5,7271.36,169
CUST0230,Krishna Patel,Chennai,Home Office,5,7262.85,170
CUST0300,Ishaan Mehta,Bangalore,Corporate,4,7176.4,171
CUST0799,Krishna Singh,Ahmedabad,Consumer,5,7173.57,172
CUST0103,Saanvi Bhat,Hyderabad,Home Office,6,7167.33,173
CUST0488,Arjun Nair,Delhi,Consumer,5,7160.05,174
CUST0231,Ananya Singh,Hyderabad,Home Office,5,7156.45,175
CUST0357,Aditya Rao,Kolkata,Home Office,6,7147.98,176
CUST0058,Ananya Choudhury,Bangalore,Corporate,6,7146.28,177
CUST0786,Aadhya Das,Mumbai,Consumer,4,7102.0,178
CUST0806,Myra Reddy,Jaipur,Home Office,5,7090.01,179
CUST0297,Aditya Das,Bangalore,Corporate,5,7084.14,180
CUST0661,Anika Gupta,Jaipur,Corporate,5,7083.13,181
CUST0724,Aarav Singh,Jaipur,Corporate,4,7057.37,182
CUST0697,Saanvi Nair,Delhi,Consumer,5,7038.4,183
CUST0827,Unknown Customer,Hyderabad,Consumer,5,7031.47,184
CUST0006,Myra Patel,Mumbai,Consumer,5,7027.21,185
CUST0489,Unknown Customer,Bangalore,Corporate,5,7011.25,186
CUST0664,Diya Singh,Mumbai,Home Office,6,7009.57,187
CUST0223,Krishna Kapoor,Jaipur,Home Office,5,7003.38,188
CUST0779,Saanvi Das,Delhi,Consumer,4,6999.04,189
CUST0216,Saanvi Joshi,Unknown City,Home Office,6,6989.14,190
CUST0688,Unknown Customer,Pune,Consumer,5,6984.31,191
CUST0073,Pari Chawla,Ahmedabad,Consumer,5,6968.56,192
CUST0942,Pari Choudhury,Bangalore,Consumer,6,6948.13,193
CUST0119,Aditya Joshi,Kolkata,Corporate,4,6919.04,194
CUST0735,Myra Saxena,Hyderabad,Consumer,5,6907.47,195
CUST0993,Reyansh Nair,Bangalore,Corporate,7,6903.11,196
CUST0062,Saanvi Kulkarni,Kolkata,Corporate,4,6884.82,197
CUST0864,Vivaan Choudhury,Bangalore,Home Office,4,6882.85,198
CUST0534,Aditya Patel,Delhi,Consumer,5,6879.32,199
CUST0871,Reyansh Bhat,Jaipur,Home Office,3,6879.24,200
CUST0466,Unknown Customer,Kolkata,Corporate,6,6872.47,201
CUST0567,Myra Deshmukh,Kolkata,Consumer,5,6870.26,202
CUST0941,Pari Kulkarni,Chennai,Corporate,6,6867.79,203
CUST0288,Aadhya Choudhury,Jaipur,Home Office,7,6867.25,204
CUST0451,Angel Verma,Delhi,Home Office,5,6866.64,205
CUST0707,Reyansh Deshmukh,Chennai,Consumer,4,6864.76,206
CUST0825,Riya Sharma,Pune,Home Office,4,6863.27,207
CUST0443,Unknown Customer,Mumbai,Home Office,5,6858.2,208
CUST0327,Navya Sharma,Bangalore,Home Office,4,6857.9,209
CUST0828,Saanvi Singh,Bangalore,Corporate,4,6856.63,210
CUST0743,Anika Mehta,Ahmedabad,Consumer,7,6843.62,211
CUST0711,Aadhya Das,Bangalore,Consumer,4,6826.76,212
CUST0125,Reyansh Bhat,Chennai,Home Office,5,6813.36,213
CUST0371,Ananya Bhat,Hyderabad,Home Office,4,6807.09,214
CUST0396,Anika Sen,Pune,Home Office,7,6803.84,215
CUST0958,Arjun Kulkarni,Pune,Corporate,4,6801.76,216
CUST0218,Vivaan Joshi,Jaipur,Home Office,5,6799.46,217
CUST0796,Aadhya Kapoor,Ahmedabad,Corporate,4,6743.92,218
CUST0584,Arjun Gupta,Mumbai,Home Office,5,6716.2,219
CUST0497,Saanvi Deshmukh,Delhi,Consumer,5,6715.87,220
CUST0840,Aarav Patel,Hyderabad,Home Office,4,6714.55,221
CUST0176,Unknown Customer,Bangalore,Corporate,6,6704.57,222
CUST0581,Navya Reddy,Ahmedabad,Corporate,5,6692.87,223
CUST0398,Ayaan Patel,Kolkata,Consumer,6,6680.98,224
CUST0492,Anika Kapoor,Kolkata,Consumer,3,6672.14,225
CUST0774,Vivaan Iyer,Kolkata,Home Office,6,6657.39,226
CUST0526,Angel Kulkarni,Ahmedabad,Home Office,4,6648.65,227
CUST0886,Riya Kulkarni,Mumbai,Corporate,6,6643.21,228
CUST0054,Vihaan Chawla,Jaipur,Consumer,5,6641.7,229
CUST0173,Unknown Customer,Pune,Home Office,5,6637.11,230
CUST0257,Ayaan Sen,Kolkata,Home Office,3,6636.59,231
CUST0095,Angel Verma,Chennai,Corporate,5,6627.5,232
CUST0751,Navya Choudhury,Delhi,Corporate,4,6624.26,233
CUST0204,Ananya Reddy,Ahmedabad,Consumer,7,6603.74,234
CUST0195,Aditya Gupta,Pune,Corporate,5,6588.69,235
CUST0233,Saanvi Reddy,Chennai,Home Office,5,6550.17,236
CUST0459,Diya Reddy,Chennai,Corporate,5,6544.56,237
CUST0360,Vivaan Kapoor,Hyderabad,Consumer,5,6513.64,238
CUST0911,Vivaan Iyer,Delhi,Consumer,4,6510.45,239
CUST0199,Ishaan Sen,Jaipur,Consumer,5,6496.85,240
CUST0484,Reyansh Saxena,Kolkata,Corporate,7,6493.73,241
CUST0192,Pari Gupta,Chennai,Corporate,4,6451.61,242
CUST0107,Angel Iyer,Pune,Consumer,4,6434.09,243
CUST0811,Krishna Reddy,Unknown City,Home Office,4,6424.28,244
CUST0754,Ishaan Joshi,Unknown City,Home Office,5,6420.04,245
CUST0330,Riya Joshi,Ahmedabad,Home Office,5,6419.69,246
CUST0921,Vivaan Kapoor,Hyderabad,Corporate,6,6394.86,247
CUST0776,Saanvi Mehta,Chennai,Corporate,4,6366.91,248
CUST0716,Ananya Saxena,Kolkata,Home Office,5,6356.86,249
CUST0680,Saanvi Kulkarni,Ahmedabad,Corporate,4,6348.98,250
CUST0014,Angel Rao,Chennai,Corporate,6,6340.02,251
CUST0718,Pari Sen,Chennai,Home Office,4,6335.4,252
CUST0512,Myra Rao,Kolkata,Corporate,6,6333.34,253
CUST0803,Aarav Iyer,Ahmedabad,Home Office,4,6312.44,254
CUST0740,Ananya Gupta,Kolkata,Consumer,5,6311.41,255
CUST0575,Aditya Verma,Chennai,Corporate,6,6299.22,256
CUST0835,Aditya Saxena,Pune,Consumer,5,6298.71,257
CUST0585,Unknown Customer,Ahmedabad,Corporate,5,6295.25,258
CUST0328,Anika Gupta,Delhi,Corporate,5,6285.99,259
CUST0408,Aadhya Kulkarni,Ahmedabad,Consumer,5,6281.07,260
CUST0885,Sai Singh,Ahmedabad,Consumer,5,6280.53,261
CUST0983,Aadhya Iyer,Kolkata,Corporate,4,6264.75,262
CUST0191,Krishna Bhat,Ahmedabad,Consumer,5,6258.82,263
CUST0842,Pari Kapoor,Pune,Consumer,5,6254.22,264
CUST0197,Sai Joshi,Mumbai,Home Office,4,6248.79,265
CUST0306,Vivaan Bhat,Kolkata,Home Office,4,6238.17,266
CUST0951,Saanvi Sen,Jaipur,Home Office,6,6234.87,267
CUST0560,Angel Iyer,Pune,Consumer,3,6223.81,268
CUST0213,Riya Singh,Jaipur,Home Office,6,6223.3,269
CUST0588,Riya Rao,Mumbai,Corporate,4,6219.7,270
CUST0332,Ayaan Gupta,Delhi,Home Office,5,6217.92,271
CUST0812,Arjun Kulkarni,Hyderabad,Home Office,3,6211.74,272
CUST0232,Navya Kulkarni,Unknown City,Consumer,4,6207.41,273
CUST0031,Vivaan Sen,Jaipur,Corporate,4,6200.13,274
CUST0636,Ishaan Sharma,Hyderabad,Consumer,4,6160.47,275
CUST0929,Arjun Saxena,Hyderabad,Corporate,5,6150.28,276
CUST0554,Aditya Sen,Mumbai,Corporate,3,6149.56,277
CUST0325,Riya Singh,Mumbai,Corporate,3,6138.12,278
CUST0728,Diya Singh,Bangalore,Corporate,5,6133.88,279
CUST0491,Saanvi Sen,Mumbai,Corporate,5,6129.19,280
CUST0151,Navya Gupta,Chennai,Corporate,5,6127.98,281
CUST0059,Aadhya Kulkarni,Kolkata,Consumer,4,6123.6,282
CUST0557,Anika Patel,Jaipur,Corporate,5,6116.85,283
CUST0798,Diya Mehta,Pune,Consumer,5,6115.4,284
CUST0597,Myra Nair,Jaipur,Home Office,5,6112.66,285
CUST0359,Ananya Iyer,Mumbai,Home Office,4,6104.51,286
CUST0882,Navya Sharma,Jaipur,Consumer,4,6103.42,287
CUST0251,Sai Chawla,Mumbai,Home Office,5,6102.78,288
CUST0932,Pari Reddy,Ahmedabad,Corporate,5,6099.97,289
CUST0243,Saanvi Bhat,Kolkata,Home Office,5,6097.95,290
CUST0446,Arjun Joshi,Jaipur,Home Office,6,6086.4,291
CUST0938,Riya Joshi,Jaipur,Consumer,5,6078.12,292
CUST0249,Ishaan Reddy,Chennai,Home Office,5,6069.32,293
CUST0256,Ananya Singh,Hyderabad,Home Office,6,6036.97,294
CUST0573,Myra Reddy,Ahmedabad,Home Office,3,6012.9,295
CUST0810,Reyansh Sen,Hyderabad,Consumer,5,6011.79,296
CUST0672,Pari Iyer,Jaipur,Consumer,5,6008.89,297
CUST0805,Myra Kulkarni,Hyderabad,Corporate,4,5984.42,298
CUST0874,Sai Choudhury,Kolkata,Consumer,7,5983.84,299
CUST0712,Navya Verma,Kolkata,Home Office,5,5968.34,300
CUST0787,Ishaan Chawla,Delhi,Consumer,3,5961.62,301
CUST0601,Arjun Saxena,Pune,Corporate,3,5947.09,302
CUST0378,Diya Sharma,Unknown City,Home Office,4,5946.97,303
CUST0425,Krishna Bhat,Bangalore,Corporate,5,5924.39,304
CUST0106,Arjun Gupta,Chennai,Home Office,3,5917.98,305
CUST0120,Vihaan Bhat,Ahmedabad,Corporate,4,5897.06,306
CUST0013,Saanvi Iyer,Jaipur,Home Office,4,5886.73,307
CUST0527,Sai Verma,Pune,Consumer,4,5876.08,308
CUST0502,Ishaan Das,Kolkata,Home Office,6,5875.17,309
CUST0261,Ayaan Kapoor,Chennai,Corporate,3,5872.99,310
CUST0987,Arjun Rao,Bangalore,Consumer,3,5863.02,311
CUST0625,Reyansh Singh,Ahmedabad,Home Office,5,5851.75,312
CUST0791,Aarav Verma,Chennai,Corporate,4,5846.21,313
CUST0248,Ayaan Verma,Hyderabad,Consumer,4,5841.48,314
CUST0844,Ishaan Verma,Pune,Home Office,4,5833.58,315
CUST0790,Aarav Rao,Jaipur,Home Office,4,5827.46,316
CUST0505,Aditya Sen,Kolkata,Home Office,5,5818.14,317
CUST0770,Navya Kapoor,Hyderabad,Home Office,3,5815.03,318
CUST0948,Saanvi Nair,Jaipur,Corporate,5,5808.99,319
CUST0032,Saanvi Joshi,Unknown City,Corporate,4,5799.96,320
CUST0266,Ishaan Sharma,Kolkata,Consumer,3,5789.93,321
CUST0530,Pari Gupta,Ahmedabad,Home Office,4,5765.91,322
CUST0070,Ishaan Sen,Mumbai,Home Office,3,5732.78,323
CUST0869,Arjun Iyer,Hyderabad,Corporate,4,5722.0,324
CUST0198,Ayaan Deshmukh,Ahmedabad,Corporate,5,5719.16,325
CUST0763,Ishaan Bhat,Kolkata,Corporate,6,5718.19,326
CUST0016,Arjun Deshmukh,Jaipur,Consumer,5,5717.24,327
CUST0260,Angel Das,Kolkata,Consumer,6,5715.84,328
CUST0132,Navya Singh,Mumbai,Corporate,3,5713.73,329
CUST0982,Anika Patel,Mumbai,Home Office,3,5710.72,330
CUST0922,Unknown Customer,Bangalore,Corporate,5,5705.55,331
CUST0729,Arjun Nair,Mumbai,Home Office,3,5683.38,332
CUST0753,Ananya Nair,Mumbai,Consumer,5,5681.9,333
CUST0023,Ayaan Kapoor,Hyderabad,Consumer,5,5669.08,334
CUST0576,Riya Sharma,Kolkata,Corporate,4,5666.99,335
CUST0416,Navya Sen,Kolkata,Corporate,4,5659.2,336
CUST0538,Angel Nair,Pune,Home Office,6,5634.38,337
CUST0060,Aarav Das,Mumbai,Corporate,5,5629.89,338
CUST0279,Aarav Singh,Delhi,Consumer,5,5626.81,339
CUST0418,Unknown Customer,Ahmedabad,Home Office,4,5623.65,340
CUST0606,Vivaan Choudhury,Mumbai,Corporate,5,5621.49,341
CUST0975,Ayaan Sen,Jaipur,Consumer,5,5621.04,342
CUST0004,Ananya Mehta,Delhi,Corporate,4,5619.88,343
CUST0343,Aarav Iyer,Ahmedabad,Consumer,4,5614.45,344
CUST0919,Aadhya Deshmukh,Hyderabad,Corporate,5,5610.95,345
CUST0665,Anika Das,Mumbai,Corporate,3,5607.62,346
CUST0860,Aditya Gupta,Kolkata,Corporate,4,5573.73,347
CUST0714,Aarav Kapoor,Bangalore,Home Office,4,5573.13,348
CUST0733,Arjun Das,Chennai,Home Office,3,5564.39,349
CUST0133,Pari Gupta,Chennai,Consumer,4,5537.3,350
CUST0025,Sai Rao,Delhi,Home Office,6,5527.69,351
CUST0081,Arjun Rao,Jaipur,Home Office,4,5516.95,352
CUST0033,Riya Das,Jaipur,Home Office,6,5513.33,353
CUST0974,Ananya Kulkarni,Jaipur,Home Office,3,5511.61,354
CUST0170,Navya Mehta,Bangalore,Corporate,4,5503.89,355
CUST0568,Sai Choudhury,Chennai,Home Office,4,5497.47,356
CUST0342,Aarav Chawla,Jaipur,Home Office,3,5496.03,357
CUST0954,Saanvi Verma,Ahmedabad,Home Office,4,5488.79,358
CUST0989,Navya Choudhury,Ahmedabad,Home Office,4,5476.31,359
CUST0525,Arjun Kapoor,Bangalore,Corporate,4,5472.45,360
CUST0848,Pari Joshi,Kolkata,Home Office,4,5455.67,361
CUST0029,Vivaan Verma,Jaipur,Consumer,4,5455.35,362
CUST0656,Arjun Patel,Chennai,Consumer,5,5452.71,363
CUST0053,Unknown Customer,Bangalore,Home Office,7,5450.74,364
CUST0264,Arjun Sharma,Pune,Consumer,4,5414.53,365
CUST0254,Reyansh Kulkarni,Pune,Consumer,5,5414.15,366
CUST0808,Diya Nair,Delhi,Home Office,5,5408.69,367
CUST0780,Ananya Nair,Chennai,Consumer,6,5408.19,368
CUST0971,Vihaan Singh,Kolkata,Home Office,3,5401.72,369
CUST0764,Anika Deshmukh,Pune,Consumer,4,5386.22,370
CUST0702,Anika Kapoor,Mumbai,Home Office,4,5381.3,371
CUST0521,Vihaan Saxena,Mumbai,Home Office,5,5378.55,372
CUST0569,Aadhya Kulkarni,Jaipur,Corporate,4,5353.2,373
CUST0532,Ishaan Rao,Kolkata,Corporate,6,5344.81,374
CUST0167,Ishaan Bhat,Hyderabad,Corporate,4,5337.13,375
CUST0085,Navya Iyer,Ahmedabad,Corporate,5,5336.84,376
CUST0281,Aditya Deshmukh,Pune,Home Office,4,5335.94,377
CUST0670,Diya Verma,Delhi,Consumer,5,5306.07,378
CUST0172,Aditya Deshmukh,Chennai,Home Office,4,5294.4,379
CUST0486,Myra Gupta,Kolkata,Home Office,4,5292.87,380
CUST0285,Myra Patel,Bangalore,Consumer,4,5290.43,381
CUST0792,Diya Gupta,Bangalore,Consumer,4,5282.77,382
CUST0244,Diya Mehta,Unknown City,Consumer,5,5281.03,383
CUST0668,Ayaan Kapoor,Mumbai,Consumer,7,5280.72,384
CUST0967,Krishna Sen,Delhi,Corporate,5,5272.65,385
CUST0015,Krishna Saxena,Jaipur,Home Office,4,5272.64,386
CUST0593,Aarav Choudhury,Hyderabad,Corporate,3,5271.07,387
CUST0902,Reyansh Iyer,Jaipur,Consumer,5,5261.65,388
CUST0147,Krishna Singh,Mumbai,Home Office,3,5252.84,389
CUST0767,Saanvi Deshmukh,Kolkata,Home Office,5,5245.78,390
CUST0322,Myra Sharma,Bangalore,Corporate,6,5237.52,391
CUST0777,Ishaan Das,Delhi,Consumer,4,5235.39,392
CUST0561,Vihaan Mehta,Delhi,Consumer,3,5229.73,393
CUST0104,Ananya Kapoor,Kolkata,Home Office,5,5221.23,394
CUST0645,Ishaan Deshmukh,Bangalore,Consumer,4,5213.2,395
CUST0028,Angel Kapoor,Ahmedabad,Consumer,6,5202.63,396
CUST0703,Riya Bhat,Mumbai,Consumer,4,5202.02,397
CUST0498,Unknown Customer,Unknown City,Consumer,4,5201.35,398
CUST0574,Ananya Kapoor,Delhi,Home Office,4,5186.41,399
CUST0419,Aarav Verma,Kolkata,Corporate,3,5183.79,400
CUST0706,Anika Verma,Bangalore,Home Office,3,5171.39,401
CUST0364,Anika Sharma,Hyderabad,Corporate,4,5171.13,402
CUST0401,Riya Iyer,Mumbai,Home Office,4,5158.84,403
CUST0206,Navya Bhat,Pune,Consumer,4,5142.89,404
CUST0558,Angel Nair,Bangalore,Corporate,5,5140.44,405
CUST0699,Sai Sen,Bangalore,Home Office,5,5139.55,406
CUST0219,Pari Choudhury,Chennai,Home Office,4,5135.84,407
CUST0741,Angel Bhat,Bangalore,Consumer,4,5132.23,408
CUST0903,Riya Das,Bangalore,Consumer,4,5128.68,409
CUST0897,Sai Chawla,Pune,Home Office,5,5126.64,410
CUST0968,Vihaan Choudhury,Bangalore,Consumer,3,5125.74,411
CUST0432,Ananya Saxena,Delhi,Home Office,4,5119.9,412
CUST0541,Anika Kapoor,Kolkata,Home Office,3,5119.62,413
CUST0535,Saanvi Saxena,Delhi,Home Office,5,5118.03,414
CUST0473,Angel Bhat,Delhi,Home Office,4,5117.07,415
CUST0845,Anika Reddy,Jaipur,Corporate,3,5115.01,416
CUST0335,Krishna Das,Pune,Home Office,5,5112.28,417
CUST0783,Diya Gupta,Jaipur,Corporate,3,5096.6,418
CUST0202,Ayaan Iyer,Delhi,Consumer,3,5086.98,419
CUST0696,Diya Choudhury,Hyderabad,Consumer,4,5080.83,420
CUST0110,Myra Nair,Delhi,Corporate,4,5072.51,421
CUST0037,Krishna Saxena,Unknown City,Home Office,5,5061.41,422
CUST0436,Pari Kulkarni,Unknown City,Corporate,4,5047.71,423
CUST0762,Ishaan Choudhury,Delhi,Corporate,3,5046.47,424
CUST0301,Sai Kapoor,Bangalore,Consumer,5,5045.51,425
CUST0270,Navya Verma,Pune,Consumer,4,5021.74,426
CUST0727,Ishaan Nair,Hyderabad,Corporate,5,5018.8,427
CUST0321,Ananya Deshmukh,Bangalore,Consumer,4,5017.2,428
CUST0648,Ananya Choudhury,Bangalore,Home Office,4,5003.8,429
CUST0181,Vivaan Patel,Chennai,Home Office,3,5003.67,430
CUST0758,Riya Reddy,Delhi,Home Office,4,5002.88,431
CUST0180,Pari Kapoor,Bangalore,Home Office,3,4999.48,432
CUST0047,Angel Patel,Delhi,Corporate,6,4993.02,433
CUST0945,Anika Mehta,Pune,Corporate,3,4990.31,434
CUST0111,Arjun Reddy,Ahmedabad,Corporate,4,4984.75,435
CUST0641,Pari Sen,Chennai,Home Office,5,4976.01,436
CUST0613,Ishaan Nair,Hyderabad,Home Office,4,4973.45,437
CUST0234,Ayaan Verma,Pune,Consumer,4,4969.71,438
CUST0163,Unknown Customer,Kolkata,Corporate,5,4968.62,439
CUST0495,Riya Verma,Jaipur,Consumer,4,4967.13,440
CUST0940,Saanvi Reddy,Hyderabad,Consumer,4,4965.97,441
CUST0083,Anika Mehta,Kolkata,Consumer,5,4954.71,442
CUST0237,Riya Gupta,Jaipur,Consumer,4,4951.56,443
CUST0160,Vivaan Kulkarni,Delhi,Home Office,5,4938.37,444
CUST0821,Arjun Mehta,Hyderabad,Consumer,4,4931.95,445
CUST0807,Reyansh Rao,Mumbai,Home Office,4,4914.62,446
CUST0679,Krishna Chawla,Chennai,Consumer,4,4904.48,447
CUST0684,Saanvi Das,Pune,Corporate,4,4901.88,448
CUST0771,Angel Choudhury,Kolkata,Corporate,6,4899.63,449
CUST0077,Ayaan Iyer,Ahmedabad,Home Office,3,4887.73,450
CUST0142,Saanvi Gupta,Mumbai,Home Office,3,4881.85,451
CUST0836,Ishaan Kulkarni,Pune,Corporate,5,4854.4,452
CUST0214,Aarav Deshmukh,Delhi,Home Office,4,4850.13,453
CUST0385,Aadhya Gupta,Hyderabad,Consumer,4,4839.05,454
CUST0610,Aditya Rao,Bangalore,Consumer,5,4838.47,455
CUST0007,Vihaan Iyer,Chennai,Corporate,3,4835.31,456
CUST0784,Krishna Sen,Jaipur,Consumer,3,4834.73,457
CUST0858,Ayaan Joshi,Kolkata,Consumer,4,4827.44,458
CUST0839,Riya Sen,Kolkata,Consumer,3,4800.82,459
CUST0026,Aarav Gupta,Bangalore,Corporate,4,4799.46,460
CUST0506,Vivaan Nair,Pune,Consumer,3,4791.46,461
CUST0225,Anika Mehta,Mumbai,Consumer,5,4777.81,462
CUST0154,Pari Das,Chennai,Corporate,4,4773.81,463
CUST0255,Saanvi Sen,Delhi,Home Office,3,4772.52,464
CUST0431,Krishna Kulkarni,Jaipur,Home Office,5,4764.91,465
CUST0752,Aarav Kapoor,Chennai,Corporate,3,4755.93,466
CUST0238,Navya Patel,Bangalore,Corporate,4,4755.04,467
CUST0092,Myra Das,Ahmedabad,Consumer,3,4747.83,468
CUST0555,Arjun Kapoor,Jaipur,Corporate,5,4747.57,469
CUST0915,Riya Gupta,Bangalore,Home Office,4,4741.96,470
CUST0407,Krishna Choudhury,Chennai,Consumer,5,4741.73,471
CUST0872,Myra Kapoor,Pune,Home Office,3,4741.06,472
CUST0265,Unknown Customer,Jaipur,Corporate,3,4736.81,473
CUST0769,Aarav Nair,Chennai,Corporate,5,4736.53,474
CUST0854,Pari Mehta,Delhi,Consumer,3,4723.98,475
CUST0705,Vihaan Kulkarni,Hyderabad,Consumer,5,4719.88,476
CUST0698,Ishaan Chawla,Bangalore,Consumer,5,4716.9,477
CUST0926,Sai Saxena,Kolkata,Consumer,4,4705.89,478
CUST0550,Vihaan Saxena,Pune,Home Office,3,4705.64,479
CUST0395,Reyansh Rao,Jaipur,Home Office,4,4703.82,480
CUST0738,Pari Choudhury,Pune,Corporate,3,4699.68,481
CUST0417,Sai Iyer,Hyderabad,Consumer,5,4693.03,482
CUST0925,Aarav Joshi,Delhi,Consumer,3,4663.26,483
CUST0701,Angel Saxena,Hyderabad,Consumer,3,4663.08,484
CUST0720,Reyansh Reddy,Ahmedabad,Home Office,3,4661.29,485
CUST0819,Vivaan Patel,Hyderabad,Consumer,3,4650.69,486
CUST0367,Anika Kulkarni,Jaipur,Corporate,3,4643.43,487
CUST0734,Vihaan Singh,Hyderabad,Corporate,4,4642.92,488
CUST0174,Arjun Choudhury,Jaipur,Consumer,3,4634.58,489
CUST0368,Ishaan Singh,Mumbai,Corporate,3,4623.0,490
CUST0152,Navya Saxena,Chennai,Consumer,4,4611.44,491
CUST1000,Ayaan Deshmukh,Pune,Corporate,4,4601.45,492
CUST0674,Saanvi Bhat,Hyderabad,Home Office,3,4593.87,493
CUST0114,Ishaan Sharma,Kolkata,Consumer,4,4588.85,494
CUST0258,Diya Singh,Jaipur,Corporate,5,4587.81,495
CUST0315,Myra Joshi,Chennai,Consumer,3,4582.61,496
CUST0138,Vihaan Chawla,Kolkata,Corporate,3,4582.57,497
CUST0155,Ishaan Rao,Chennai,Consumer,5,4576.85,498
CUST0277,Pari Deshmukh,Delhi,Consumer,5,4565.84,499
CUST0694,Reyansh Chawla,Kolkata,Consumer,3,4559.45,500
CUST0746,Arjun Deshmukh,Ahmedabad,Corporate,3,4547.75,501
CUST0595,Riya Kulkarni,Bangalore,Home Office,4,4547.5,502
CUST0747,Ishaan Saxena,Jaipur,Home Office,4,4532.78,503
CUST0710,Myra Kapoor,Ahmedabad,Home Office,3,4529.58,504
CUST0168,Myra Bhat,Kolkata,Home Office,4,4521.64,505
CUST0957,Unknown Customer,Kolkata,Corporate,4,4513.43,506
CUST0405,Saanvi Iyer,Hyderabad,Home Office,3,4511.66,507
CUST0057,Krishna Saxena,Hyderabad,Corporate,4,4503.84,508
CUST0392,Ananya Rao,Delhi,Corporate,3,4496.67,509
CUST0188,Arjun Gupta,Chennai,Corporate,4,4496.45,510
CUST0165,Angel Saxena,Chennai,Consumer,5,4491.95,511
CUST0868,Myra Choudhury,Hyderabad,Corporate,3,4490.61,512
CUST0063,Saanvi Das,Mumbai,Home Office,4,4485.53,513
CUST0129,Arjun Choudhury,Delhi,Consumer,3,4484.41,514
CUST0430,Riya Sharma,Bangalore,Corporate,5,4481.41,515
CUST0410,Arjun Joshi,Kolkata,Corporate,3,4472.43,516
CUST0024,Vivaan Mehta,Chennai,Consumer,5,4470.78,517
CUST0411,Aditya Kapoor,Bangalore,Home Office,3,4464.17,518
CUST0949,Reyansh Joshi,Ahmedabad,Home Office,3,4462.82,519
CUST0209,Saanvi Verma,Hyderabad,Home Office,4,4455.84,520
CUST0149,Aditya Kulkarni,Kolkata,Corporate,2,4452.1,521
CUST0005,Angel Mehta,Delhi,Corporate,4,4435.32,522
CUST0427,Riya Rao,Delhi,Corporate,3,4428.06,523
CUST0651,Arjun Das,Mumbai,Home Office,3,4419.89,524
CUST0361,Vivaan Reddy,Chennai,Consumer,3,4414.74,525
CUST0956,Aadhya Bhat,Hyderabad,Consumer,3,4412.96,526
CUST0604,Aadhya Iyer,Kolkata,Corporate,2,4404.89,527
CUST0952,Aditya Singh,Chennai,Corporate,4,4378.65,528
CUST0458,Navya Reddy,Jaipur,Home Office,4,4371.53,529
CUST0153,Riya Joshi,Delhi,Home Office,3,4361.86,530
CUST0980,Anika Sharma,Kolkata,Corporate,4,4348.51,531
CUST0159,Navya Saxena,Chennai,Corporate,4,4341.08,532
CUST0849,Sai Sen,Delhi,Corporate,4,4340.74,533
CUST0352,Arjun Mehta,Hyderabad,Consumer,3,4339.1,534
CUST0587,Aarav Iyer,Jaipur,Corporate,4,4337.97,535
CUST0669,Anika Chawla,Hyderabad,Corporate,4,4330.4,536
CUST0677,Reyansh Sen,Delhi,Home Office,4,4301.65,537
CUST0228,Saanvi Kapoor,Ahmedabad,Consumer,4,4301.07,538
CUST0905,Aadhya Verma,Kolkata,Corporate,2,4299.06,539
CUST0924,Unknown Customer,Hyderabad,Consumer,4,4295.82,540
CUST0076,Aadhya Kapoor,Pune,Home Office,4,4295.73,541
CUST0312,Aadhya Iyer,Delhi,Home Office,3,4295.65,542
CUST0614,Anika Choudhury,Pune,Consumer,4,4293.1,543
CUST0722,Pari Sen,Delhi,Corporate,4,4270.22,544
CUST0823,Anika Mehta,Mumbai,Home Office,2,4268.58,545
CUST0852,Ayaan Mehta,Pune,Corporate,3,4264.43,546
CUST0917,Diya Singh,Bangalore,Corporate,3,4260.57,547
CUST0719,Reyansh Joshi,Jaipur,Home Office,4,4260.56,548
CUST0916,Pari Nair,Mumbai,Consumer,3,4252.9,549
CUST0658,Aadhya Bhat,Kolkata,Consumer,3,4241.03,550
CUST0457,Ananya Sen,Ahmedabad,Home Office,3,4237.61,551
CUST0551,Vivaan Choudhury,Ahmedabad,Home Office,2,4220.09,552
CUST0961,Angel Patel,Mumbai,Home Office,5,4220.01,553
CUST0603,Reyansh Patel,Pune,Corporate,3,4210.72,554
CUST0080,Navya Sen,Hyderabad,Consumer,4,4206.7,555
CUST0545,Unknown Customer,Chennai,Consumer,3,4206.4,556
CUST0867,Vihaan Bhat,Mumbai,Corporate,3,4203.87,557
CUST0972,Reyansh Joshi,Mumbai,Home Office,3,4191.54,558
CUST0900,Aarav Rao,Chennai,Consumer,4,4185.28,559
CUST0140,Myra Reddy,Jaipur,Home Office,3,4179.6,560
CUST0785,Anika Patel,Pune,Home Office,6,4176.86,561
CUST0549,Saanvi Sharma,Hyderabad,Corporate,3,4159.59,562
CUST0692,Riya Verma,Bangalore,Consumer,3,4122.94,563
CUST0994,Riya Mehta,Bangalore,Corporate,2,4121.5,564
CUST0996,Myra Verma,Jaipur,Corporate,4,4120.03,565
CUST0220,Krishna Choudhury,Ahmedabad,Home Office,3,4119.76,566
CUST0516,Myra Rao,Hyderabad,Home Office,4,4118.33,567
CUST0590,Anika Sen,Bangalore,Home Office,4,4115.1,568
CUST0363,Anika Choudhury,Unknown City,Consumer,4,4114.14,569
CUST0962,Saanvi Singh,Mumbai,Corporate,3,4084.21,570
CUST0423,Anika Kulkarni,Mumbai,Consumer,4,4056.63,571
CUST0577,Ananya Saxena,Bangalore,Home Office,5,4054.87,572
CUST0857,Anika Kulkarni,Bangalore,Corporate,4,4054.59,573
CUST0933,Angel Gupta,Ahmedabad,Home Office,2,4049.53,574
CUST0988,Saanvi Das,Jaipur,Corporate,3,4041.35,575
CUST0830,Krishna Das,Delhi,Corporate,3,4034.07,576
CUST0815,Angel Verma,Ahmedabad,Home Office,3,4027.3,577
CUST0329,Saanvi Saxena,Jaipur,Corporate,3,4025.14,578
CUST0673,Aadhya Sen,Ahmedabad,Corporate,4,4020.28,579
CUST0939,Saanvi Iyer,Mumbai,Home Office,4,4016.12,580
CUST0563,Diya Reddy,Delhi,Consumer,2,4012.2,581
CUST0394,Navya Das,Hyderabad,Consumer,4,4011.61,582
CUST0294,Aarav Kulkarni,Bangalore,Home Office,3,4011.4,583
CUST0338,Aadhya Reddy,Kolkata,Corporate,3,4008.76,584
CUST0950,Unknown Customer,Pune,Consumer,4,4008.42,585
CUST0370,Aditya Reddy,Bangalore,Consumer,3,4008.01,586
CUST0465,Ananya Verma,Mumbai,Corporate,4,4006.79,587
CUST0122,Ishaan Chawla,Mumbai,Corporate,3,4004.18,588
CUST0935,Aarav Nair,Ahmedabad,Consumer,3,4002.17,589
CUST0520,Aadhya Kapoor,Mumbai,Corporate,4,3994.86,590
CUST0399,Anika Joshi,Mumbai,Corporate,4,3994.42,591
CUST0453,Ananya Choudhury,Ahmedabad,Home Office,3,3989.43,592
CUST0859,Pari Saxena,Chennai,Corporate,4,3985.95,593
CUST0817,Krishna Deshmukh,Ahmedabad,Home Office,3,3982.23,594
CUST0708,Pari Bhat,Chennai,Corporate,3,3977.33,595
CUST0992,Diya Nair,Hyderabad,Consumer,4,3967.38,596
CUST0652,Myra Bhat,Chennai,Home Office,4,3965.87,597
CUST0721,Pari Kapoor,Delhi,Home Office,2,3945.84,598
CUST0609,Aadhya Kulkarni,Bangalore,Home Office,3,3944.69,599
CUST0476,Aadhya Nair,Hyderabad,Home Office,3,3941.93,600
CUST0632,Navya Singh,Unknown City,Consumer,4,3940.29,601
CUST0089,Angel Reddy,Ahmedabad,Consumer,3,3921.59,602
CUST0586,Reyansh Choudhury,Jaipur,Home Office,3,3920.65,603
CUST0969,Arjun Kulkarni,Chennai,Corporate,4,3914.25,604
CUST0311,Arjun Joshi,Chennai,Home Office,2,3908.25,605
CUST0775,Aarav Das,Chennai,Home Office,4,3905.72,606
CUST0713,Angel Sharma,Kolkata,Consumer,3,3893.8,607
CUST0318,Sai Verma,Unknown City,Corporate,3,3892.03,608
CUST0715,Arjun Iyer,Pune,Consumer,2,3886.36,609
CUST0178,Saanvi Kapoor,Kolkata,Corporate,3,3878.38,610
CUST0818,Aadhya Nair,Pune,Home Office,3,3866.58,611
CUST0901,Ayaan Reddy,Mumbai,Corporate,3,3858.78,612
CUST0179,Ayaan Mehta,Chennai,Consumer,3,3855.37,613
CUST0221,Diya Choudhury,Ahmedabad,Consumer,4,3853.76,614
CUST0552,Reyansh Mehta,Kolkata,Consumer,2,3853.74,615
CUST0246,Arjun Rao,Delhi,Home Office,4,3851.28,616
CUST0382,Myra Reddy,Kolkata,Corporate,3,3846.24,617
CUST0832,Navya Gupta,Kolkata,Corporate,3,3842.61,618
CUST0203,Riya Joshi,Chennai,Corporate,4,3835.4,619
CUST0997,Anika Kapoor,Kolkata,Corporate,3,3825.74,620
CUST0562,Reyansh Mehta,Kolkata,Corporate,4,3824.93,621
CUST0930,Saanvi Saxena,Jaipur,Consumer,2,3816.96,622
CUST0314,Aditya Choudhury,Kolkata,Corporate,4,3813.41,623
CUST0739,Aadhya Chawla,Delhi,Consumer,3,3810.39,624
CUST0542,Aadhya Choudhury,Hyderabad,Home Office,3,3804.63,625
CUST0268,Ayaan Singh,Mumbai,Corporate,3,3800.71,626
CUST0691,Pari Choudhury,Unknown City,Consumer,5,3799.24,627
CUST0627,Anika Verma,Pune,Home Office,2,3794.69,628
CUST0524,Myra Reddy,Ahmedabad,Home Office,3,3778.66,629
CUST0772,Vivaan Verma,Ahmedabad,Corporate,2,3776.42,630
CUST0822,Myra Das,Mumbai,Home Office,4,3775.45,631
CUST0460,Anika Choudhury,Mumbai,Home Office,3,3760.49,632
CUST0374,Ananya Rao,Delhi,Consumer,3,3752.32,633
CUST0599,Unknown Customer,Delhi,Consumer,3,3746.86,634
CUST0517,Reyansh Reddy,Chennai,Consumer,3,3746.3,635
CUST0629,Aarav Patel,Chennai,Consumer,3,3745.21,636
CUST0879,Arjun Kulkarni,Kolkata,Consumer,3,3743.19,637
CUST0891,Angel Nair,Jaipur,Home Office,3,3736.08,638
CUST0336,Diya Nair,Delhi,Home Office,3,3731.99,639
CUST0128,Unknown Customer,Chennai,Home Office,3,3731.51,640
CUST0380,Angel Iyer,Kolkata,Consumer,4,3727.11,641
CUST0773,Vihaan Das,Jaipur,Home Office,2,3724.05,642
CUST0303,Anika Chawla,Kolkata,Corporate,3,3721.4,643
CUST0511,Angel Gupta,Chennai,Home Office,2,3714.16,644
CUST0150,Sai Sen,Chennai,Corporate,4,3712.01,645
CUST0788,Sai Rao,Hyderabad,Consumer,2,3709.57,646
CUST0908,Sai Kulkarni,Delhi,Corporate,3,3706.87,647
CUST0450,Reyansh Rao,Ahmedabad,Consumer,4,3705.11,648
CUST0800,Aadhya Verma,Pune,Home Office,3,3694.64,649
CUST0756,Krishna Verma,Mumbai,Consumer,3,3692.28,650
CUST0156,Ishaan Gupta,Jaipur,Corporate,3,3690.02,651
CUST0914,Vihaan Kulkarni,Mumbai,Home Office,4,3686.75,652
CUST0816,Aditya Kulkarni,Kolkata,Corporate,2,3685.02,653
CUST0583,Diya Sen,Bangalore,Consumer,2,3683.73,654
CUST0623,Unknown Customer,Hyderabad,Consumer,4,3633.67,655
CUST0186,Diya Bhat,Chennai,Corporate,4,3627.77,656
CUST0428,Krishna Iyer,Kolkata,Consumer,3,3624.85,657
CUST0295,Pari Reddy,Bangalore,Home Office,4,3604.98,658
CUST0875,Unknown Customer,Ahmedabad,Corporate,5,3585.79,659
CUST0099,Vihaan Bhat,Bangalore,Home Office,2,3581.24,660
CUST0100,Anika Kapoor,Jaipur,Corporate,4,3576.89,661
CUST0375,Aditya Kulkarni,Pune,Corporate,2,3574.29,662
CUST0194,Ayaan Kapoor,Jaipur,Corporate,3,3565.3,663
CUST0960,Saanvi Nair,Mumbai,Consumer,3,3556.92,664
CUST0640,Vivaan Mehta,Delhi,Corporate,3,3550.27,665
CUST0403,Krishna Rao,Ahmedabad,Consumer,2,3524.84,666
CUST0687,Ishaan Patel,Mumbai,Home Office,2,3517.47,667
CUST0824,Vihaan Kulkarni,Delhi,Home Office,3,3517.18,668
CUST0936,Navya Choudhury,Ahmedabad,Consumer,4,3514.04,669
CUST0990,Diya Joshi,Hyderabad,Home Office,4,3502.72,670
CUST0161,Riya Joshi,Bangalore,Corporate,2,3498.4,671
CUST0278,Aadhya Mehta,Chennai,Consumer,3,3495.97,672
CUST0768,Krishna Kapoor,Bangalore,Consumer,4,3486.45,673
CUST0406,Anika Deshmukh,Bangalore,Home Office,3,3486.11,674
CUST0748,Angel Kulkarni,Ahmedabad,Home Office,2,3480.37,675
CUST0537,Vivaan Deshmukh,Pune,Home Office,3,3446.45,676
CUST0009,Angel Reddy,Mumbai,Consumer,4,3428.9,677
CUST0056,Navya Chawla,Pune,Home Office,4,3409.64,678
CUST0393,Navya Deshmukh,Jaipur,Consumer,4,3397.92,679
CUST0709,Riya Nair,Hyderabad,Corporate,3,3392.87,680
CUST0439,Diya Bhat,Hyderabad,Corporate,3,3385.0,681
CUST0628,Pari Chawla,Mumbai,Corporate,2,3371.54,682
CUST0094,Ananya Mehta,Chennai,Home Office,3,3357.75,683
CUST0135,Vihaan Choudhury,Kolkata,Consumer,2,3352.27,684
CUST0412,Sai Das,Pune,Consumer,2,3339.68,685
CUST0890,Arjun Singh,Pune,Home Office,2,3329.41,686
CUST0837,Sai Patel,Ahmedabad,Consumer,4,3327.6,687
CUST0348,Vihaan Nair,Chennai,Consumer,2,3324.03,688
CUST0750,Sai Mehta,Jaipur,Consumer,2,3288.1,689
CUST0157,Vivaan Bhat,Hyderabad,Home Office,3,3282.04,690
CUST0346,Vivaan Chawla,Hyderabad,Corporate,3,3277.57,691
CUST0547,Aadhya Singh,Chennai,Home Office,3,3275.09,692
CUST0144,Riya Verma,Ahmedabad,Home Office,3,3270.78,693
CUST0086,Vihaan Patel,Ahmedabad,Consumer,3,3270.48,694
CUST0693,Vihaan Bhat,Delhi,Consumer,2,3265.54,695
CUST0543,Krishna Gupta,Hyderabad,Home Office,3,3264.96,696
CUST0146,Ishaan Verma,Mumbai,Consumer,3,3259.55,697
CUST0010,Myra Kulkarni,Pune,Home Office,3,3249.68,698
CUST0356,Arjun Verma,Hyderabad,Corporate,2,3243.23,699
CUST0633,Anika Saxena,Chennai,Home Office,3,3229.36,700
CUST0353,Aditya Das,Delhi,Consumer,3,3221.68,701
CUST0801,Vihaan Nair,Jaipur,Corporate,2,3213.39,702
CUST0211,Unknown Customer,Jaipur,Home Office,3,3201.76,703
CUST0102,Myra Das,Bangalore,Home Office,3,3199.73,704
CUST0072,Arjun Chawla,Jaipur,Corporate,4,3196.85,705
CUST0201,Reyansh Das,Mumbai,Home Office,2,3193.76,706
CUST0831,Vivaan Saxena,Hyderabad,Home Office,2,3182.71,707
CUST0305,Anika Choudhury,Delhi,Home Office,2,3180.41,708
CUST0644,Ananya Kulkarni,Mumbai,Corporate,2,3174.11,709
CUST0998,Ayaan Deshmukh,Kolkata,Consumer,3,3165.38,710
CUST0421,Vihaan Saxena,Delhi,Consumer,2,3165.29,711
CUST0918,Aarav Saxena,Bangalore,Consumer,4,3143.16,712
CUST0855,Reyansh Deshmukh,Ahmedabad,Home Office,3,3140.41,713
CUST0483,Arjun Kapoor,Mumbai,Corporate,2,3137.59,714
CUST0889,Aadhya Reddy,Ahmedabad,Home Office,3,3135.45,715
CUST0880,Pari Rao,Bangalore,Home Office,4,3130.37,716
CUST0906,Navya Verma,Hyderabad,Corporate,3,3114.59,717
CUST0862,Ishaan Kulkarni,Mumbai,Home Office,2,3110.64,718
CUST0515,Ishaan Gupta,Chennai,Home Office,3,3106.66,719
CUST0471,Aditya Singh,Chennai,Corporate,2,3105.65,720
CUST0802,Ananya Bhat,Mumbai,Home Office,3,3099.23,721
CUST0207,Reyansh Das,Mumbai,Corporate,2,3077.23,722
CUST0928,Riya Das,Ahmedabad,Corporate,4,3076.68,723
CUST0020,Unknown Customer,Hyderabad,Corporate,2,3059.29,724
CUST0098,Riya Reddy,Ahmedabad,Consumer,3,3059.14,725
CUST0943,Diya Kulkarni,Unknown City,Home Office,2,3055.77,726
CUST0650,Saanvi Gupta,Kolkata,Corporate,3,3050.25,727
CUST0642,Pari Das,Pune,Corporate,2,3046.54,728
CUST0454,Ayaan Deshmukh,Jaipur,Consumer,4,2999.13,729
CUST0320,Vihaan Chawla,Pune,Consumer,2,2996.77,730
CUST0467,Riya Gupta,Mumbai,Corporate,2,2989.23,731
CUST0440,Angel Saxena,Delhi,Consumer,3,2987.06,732
CUST0572,Angel Saxena,Bangalore,Consumer,2,2982.01,733
CUST0027,Sai Iyer,Ahmedabad,Corporate,4,2966.34,734
CUST0455,Unknown Customer,Jaipur,Corporate,2,2964.52,735
CUST0326,Saanvi Singh,Hyderabad,Corporate,2,2963.96,736
CUST0269,Aarav Nair,Kolkata,Corporate,2,2945.59,737
CUST0846,Aadhya Kapoor,Chennai,Home Office,2,2935.37,738
CUST0345,Diya Bhat,Delhi,Consumer,2,2929.25,739
CUST0847,Anika Deshmukh,Jaipur,Home Office,2,2893.28,740
CUST0579,Anika Das,Jaipur,Corporate,2,2891.93,741
CUST0478,Riya Gupta,Bangalore,Consumer,2,2885.69,742
CUST0833,Ishaan Reddy,Ahmedabad,Consumer,2,2882.19,743
CUST0616,Vivaan Nair,Chennai,Consumer,2,2880.23,744
CUST0308,Myra Deshmukh,Kolkata,Home Office,3,2867.6,745
CUST0895,Ananya Rao,Pune,Consumer,2,2857.06,746
CUST0565,Aditya Singh,Jaipur,Consumer,4,2851.75,747
CUST0124,Arjun Chawla,Pune,Corporate,3,2850.09,748
CUST0286,Pari Singh,Delhi,Home Office,2,2849.78,749
CUST0582,Aadhya Chawla,Hyderabad,Corporate,4,2846.57,750
CUST0602,Sai Patel,Kolkata,Corporate,3,2845.11,751
CUST0765,Vihaan Joshi,Delhi,Consumer,3,2839.03,752
CUST0067,Vihaan Das,Pune,Corporate,5,2827.29,753
CUST0235,Ishaan Mehta,Chennai,Consumer,2,2823.18,754
CUST0742,Unknown Customer,Jaipur,Consumer,3,2815.91,755
CUST0097,Vivaan Patel,Unknown City,Corporate,4,2811.25,756
CUST0970,Pari Iyer,Unknown City,Home Office,2,2809.34,757
CUST0995,Unknown Customer,Pune,Consumer,2,2804.5,758
CUST0536,Ishaan Reddy,Ahmedabad,Home Office,3,2785.75,759
CUST0183,Saanvi Bhat,Chennai,Corporate,2,2766.57,760
CUST0373,Vihaan Kapoor,Hyderabad,Corporate,3,2762.24,761
CUST0461,Riya Reddy,Chennai,Consumer,3,2756.92,762
CUST0666,Aditya Joshi,Ahmedabad,Consumer,2,2756.38,763
CUST0008,Aditya Sen,Jaipur,Consumer,2,2747.79,764
CUST0118,Navya Rao,Ahmedabad,Corporate,2,2744.87,765
CUST0850,Vihaan Chawla,Ahmedabad,Consumer,2,2742.53,766
CUST0065,Aadhya Rao,Pune,Home Office,3,2729.22,767
CUST0284,Anika Das,Chennai,Corporate,2,2713.89,768
CUST0649,Anika Mehta,Pune,Home Office,2,2704.11,769
CUST0236,Riya Deshmukh,Jaipur,Home Office,2,2702.72,770
CUST0463,Aditya Mehta,Jaipur,Home Office,4,2673.02,771
CUST0310,Myra Rao,Delhi,Corporate,2,2660.46,772
CUST0559,Navya Iyer,Mumbai,Corporate,2,2654.27,773
CUST0287,Arjun Chawla,Delhi,Home Office,3,2649.46,774
CUST0377,Krishna Singh,Delhi,Corporate,3,2649.07,775
CUST0148,Ayaan Saxena,Unknown City,Corporate,2,2618.49,776
CUST0913,Aadhya Reddy,Mumbai,Corporate,4,2617.88,777
CUST0051,Sai Gupta,Chennai,Consumer,2,2614.55,778
CUST0298,Anika Saxena,Chennai,Corporate,4,2609.92,779
CUST0979,Diya Iyer,Pune,Corporate,5,2591.44,780
CUST0224,Myra Reddy,Jaipur,Home Office,4,2577.71,781
CUST0245,Aarav Singh,Jaipur,Home Office,2,2570.88,782
CUST0736,Aditya Saxena,Pune,Home Office,2,2565.31,783
CUST0529,Reyansh Das,Jaipur,Corporate,3,2564.47,784
CUST0391,Ananya Singh,Pune,Consumer,2,2558.89,785
CUST0946,Vivaan Sen,Bangalore,Consumer,3,2520.66,786
CUST0851,Krishna Deshmukh,Bangalore,Consumer,3,2512.61,787
CUST0618,Riya Das,Bangalore,Home Office,2,2512.08,788
CUST0566,Navya Reddy,Bangalore,Home Office,3,2509.81,789
CUST0304,Ayaan Singh,Hyderabad,Corporate,2,2508.11,790
CUST0607,Ishaan Bhat,Ahmedabad,Consumer,2,2496.89,791
CUST0624,Reyansh Sen,Unknown City,Corporate,2,2494.67,792
CUST0704,Aditya Reddy,Chennai,Consumer,2,2493.9,793
CUST0134,Angel Kulkarni,Jaipur,Corporate,2,2437.58,794
CUST0105,Navya Das,Pune,Home Office,4,2426.57,795
CUST0977,Reyansh Reddy,Kolkata,Corporate,2,2423.68,796
CUST0048,Ishaan Saxena,Kolkata,Corporate,1,2416.53,797
CUST0695,Reyansh Verma,Chennai,Consumer,1,2412.78,798
CUST0141,Unknown Customer,Ahmedabad,Corporate,1,2410.35,799
CUST0894,Saanvi Mehta,Jaipur,Corporate,1,2409.94,800
CUST0539,Angel Singh,Pune,Consumer,2,2407.32,801
CUST0313,Pari Kapoor,Mumbai,Home Office,3,2407.02,802
CUST0447,Angel Patel,Ahmedabad,Home Office,3,2400.73,803
CUST0480,Angel Rao,Pune,Consumer,1,2393.81,804
CUST0369,Sai Sen,Hyderabad,Home Office,2,2393.44,805
CUST0470,Unknown Customer,Bangalore,Consumer,3,2384.92,806
CUST0675,Sai Kulkarni,Mumbai,Consumer,1,2382.45,807
CUST0999,Aarav Bhat,Kolkata,Consumer,2,2375.77,808
CUST0723,Aditya Mehta,Delhi,Corporate,1,2365.15,809
CUST0626,Ananya Kulkarni,Mumbai,Consumer,2,2360.53,810
CUST0307,Vivaan Bhat,Delhi,Consumer,2,2357.4,811
CUST0340,Ishaan Kulkarni,Pune,Corporate,1,2351.84,812
CUST0414,Navya Patel,Mumbai,Home Office,1,2345.72,813
CUST0964,Ayaan Mehta,Bangalore,Consumer,2,2323.43,814
CUST0485,Vihaan Saxena,Ahmedabad,Home Office,2,2306.91,815
CUST0671,Angel Reddy,Unknown City,Corporate,2,2302.85,816
CUST0196,Ananya Gupta,Jaipur,Consumer,2,2282.66,817
CUST0239,Myra Kapoor,Pune,Corporate,1,2279.68,818
CUST0444,Anika Saxena,Bangalore,Consumer,2,2265.48,819
CUST0589,Diya Mehta,Kolkata,Corporate,2,2263.99,820
CUST0109,Ishaan Sharma,Mumbai,Corporate,2,2259.07,821
CUST0166,Riya Nair,Mumbai,Corporate,1,2256.1,822
CUST0438,Diya Verma,Pune,Home Office,1,2253.15,823
CUST0594,Saanvi Saxena,Hyderabad,Consumer,2,2243.84,824
CUST0654,Diya Choudhury,Jaipur,Consumer,2,2243.67,825
CUST0883,Unknown Customer,Unknown City,Home Office,3,2237.1,826
CUST0920,Pari Sen,Chennai,Corporate,2,2235.93,827
CUST0635,Ishaan Verma,Delhi,Corporate,1,2226.86,828
CUST0965,Angel Patel,Jaipur,Corporate,2,2212.27,829
CUST0366,Saanvi Das,Ahmedabad,Consumer,3,2204.43,830
CUST0212,Anika Saxena,Jaipur,Corporate,2,2197.11,831
CUST0376,Sai Verma,Hyderabad,Corporate,1,2184.24,832
CUST0319,Anika Gupta,Hyderabad,Home Office,1,2179.08,833
CUST0456,Sai Das,Mumbai,Corporate,2,2177.74,834
CUST0409,Riya Gupta,Jaipur,Home Office,3,2174.5,835
CUST0127,Aarav Verma,Hyderabad,Home Office,1,2161.61,836
CUST0984,Vivaan Mehta,Bangalore,Corporate,3,2159.23,837
CUST0519,Myra Rao,Jaipur,Corporate,3,2141.04,838
CUST0493,Navya Rao,Chennai,Home Office,2,2132.18,839
CUST0263,Vivaan Saxena,Mumbai,Corporate,2,2131.7,840
CUST0075,Diya Rao,Ahmedabad,Consumer,3,2123.36,841
CUST0865,Navya Kulkarni,Bangalore,Consumer,1,2117.68,842
CUST0794,Myra Iyer,Hyderabad,Consumer,2,2115.86,843
CUST0117,Ishaan Kulkarni,Bangalore,Consumer,4,2111.89,844
CUST0944,Vivaan Joshi,Kolkata,Consumer,4,2109.58,845
CUST0778,Pari Chawla,Kolkata,Consumer,2,2103.58,846
CUST0293,Anika Deshmukh,Pune,Corporate,2,2098.2,847
CUST0876,Aadhya Verma,Ahmedabad,Consumer,2,2092.3,848
CUST0745,Anika Mehta,Mumbai,Consumer,2,2081.75,849
CUST0441,Aadhya Mehta,Hyderabad,Consumer,1,2080.06,850
CUST0292,Vihaan Singh,Delhi,Corporate,3,2075.36,851
CUST0093,Pari Rao,Kolkata,Corporate,1,2072.77,852
CUST0646,Angel Gupta,Jaipur,Corporate,1,2040.98,853
CUST0612,Myra Joshi,Bangalore,Corporate,2,2039.8,854
CUST0660,Navya Rao,Chennai,Consumer,2,2028.89,855
CUST0283,Riya Joshi,Hyderabad,Corporate,1,2024.76,856
CUST0528,Angel Choudhury,Chennai,Corporate,2,2024.45,857
CUST0126,Vivaan Iyer,Delhi,Consumer,1,2021.54,858
CUST0108,Ishaan Reddy,Kolkata,Home Office,2,2021.1,859
CUST0910,Ayaan Gupta,Pune,Home Office,2,2006.09,860
CUST0045,Sai Das,Mumbai,Home Office,2,2005.66,861
CUST0247,Aarav Reddy,Delhi,Consumer,2,1994.29,862
CUST0931,Anika Kapoor,Kolkata,Home Office,1,1976.23,863
CUST0472,Sai Reddy,Hyderabad,Consumer,3,1925.73,864
CUST0909,Ananya Rao,Pune,Corporate,1,1925.47,865
CUST0912,Aadhya Gupta,Mumbai,Consumer,2,1916.38,866
CUST0365,Ananya Verma,Bangalore,Home Office,2,1914.66,867
CUST0434,Anika Nair,Chennai,Corporate,2,1895.72,868
CUST0749,Diya Joshi,Jaipur,Corporate,1,1890.42,869
CUST0861,Arjun Das,Jaipur,Corporate,2,1870.97,870
CUST0923,Arjun Singh,Chennai,Consumer,4,1855.82,871
CUST0499,Navya Mehta,Kolkata,Consumer,2,1854.92,872
CUST0685,Aditya Choudhury,Kolkata,Consumer,1,1852.53,873
CUST0630,Saanvi Choudhury,Kolkata,Home Office,2,1835.7,874
CUST0676,Unknown Customer,Ahmedabad,Consumer,1,1833.72,875
CUST0253,Arjun Bhat,Jaipur,Corporate,1,1824.17,876
CUST0084,Myra Singh,Delhi,Corporate,2,1816.91,877
CUST0333,Sai Mehta,Bangalore,Consumer,1,1814.56,878
CUST0662,Ayaan Kapoor,Delhi,Home Office,3,1807.97,879
CUST0533,Navya Bhat,Bangalore,Consumer,2,1798.39,880
CUST0044,Krishna Deshmukh,Kolkata,Corporate,1,1777.0,881
CUST0683,Anika Joshi,Mumbai,Home Office,1,1766.95,882
CUST0732,Navya Kulkarni,Ahmedabad,Corporate,1,1751.18,883
CUST0898,Angel Sharma,Pune,Consumer,2,1744.02,884
CUST0042,Aadhya Reddy,Delhi,Consumer,1,1739.77,885
CUST0755,Anika Chawla,Delhi,Home Office,2,1737.47,886
CUST0241,Vivaan Chawla,Delhi,Consumer,1,1722.99,887
CUST0797,Riya Verma,Mumbai,Consumer,2,1707.41,888
CUST0137,Aditya Gupta,Chennai,Home Office,2,1706.97,889
CUST0820,Vihaan Kapoor,Chennai,Corporate,1,1690.22,890
CUST0571,Ishaan Sharma,Hyderabad,Consumer,3,1690.08,891
CUST0190,Ayaan Mehta,Bangalore,Home Office,3,1686.05,892
CUST0600,Unknown Customer,Hyderabad,Home Office,3,1677.5,893
CUST0955,Reyansh Kapoor,Delhi,Consumer,3,1673.45,894
CUST0678,Myra Nair,Bangalore,Corporate,1,1665.9,895
CUST0611,Navya Iyer,Bangalore,Home Office,2,1652.96,896
CUST0667,Vihaan Sen,Bangalore,Corporate,1,1644.76,897
CUST0564,Pari Verma,Kolkata,Home Office,2,1627.35,898
CUST0878,Saanvi Kapoor,Bangalore,Home Office,1,1627.1,899
CUST0477,Arjun Kulkarni,Pune,Corporate,1,1595.11,900
CUST0682,Pari Rao,Unknown City,Home Office,1,1594.47,901
CUST0386,Aditya Gupta,Kolkata,Corporate,1,1592.16,902
CUST0781,Angel Patel,Mumbai,Home Office,1,1582.66,903
CUST0331,Ananya Iyer,Delhi,Home Office,1,1581.44,904
CUST0647,Sai Kapoor,Chennai,Home Office,3,1580.97,905
CUST0121,Ayaan Kapoor,Jaipur,Home Office,2,1578.37,906
CUST0420,Reyansh Sharma,Delhi,Home Office,2,1568.37,907
CUST0789,Ishaan Bhat,Kolkata,Home Office,1,1562.56,908
CUST0038,Arjun Rao,Pune,Home Office,2,1548.96,909
CUST0337,Ayaan Verma,Kolkata,Consumer,2,1513.41,910
CUST0531,Ananya Chawla,Kolkata,Consumer,2,1495.93,911
CUST0309,Vivaan Das,Ahmedabad,Home Office,1,1492.87,912
CUST0726,Ananya Kapoor,Jaipur,Corporate,1,1479.41,913
CUST0019,Reyansh Choudhury,Hyderabad,Corporate,1,1477.97,914
CUST0349,Ishaan Bhat,Delhi,Home Office,2,1464.72,915
CUST0838,Aarav Nair,Pune,Home Office,3,1432.52,916
CUST0344,Vivaan Joshi,Delhi,Consumer,1,1409.72,917
CUST0339,Vivaan Nair,Mumbai,Consumer,2,1404.58,918
CUST0088,Pari Gupta,Ahmedabad,Home Office,1,1396.03,919
CUST0090,Myra Singh,Pune,Home Office,2,1388.94,920
CUST0637,Unknown Customer,Bangalore,Consumer,2,1372.2,921
CUST0934,Riya Kulkarni,Pune,Corporate,3,1358.29,922
CUST0513,Pari Bhat,Mumbai,Consumer,1,1336.65,923
CUST0540,Krishna Joshi,Unknown City,Consumer,1,1308.27,924
CUST0429,Sai Mehta,Pune,Home Office,2,1304.0,925
CUST0448,Sai Saxena,Chennai,Corporate,1,1284.9,926
CUST0639,Sai Gupta,Chennai,Corporate,1,1284.9,926
CUST0290,Aadhya Mehta,Ahmedabad,Home Office,2,1277.19,928
CUST0580,Arjun Joshi,Hyderabad,Corporate,2,1232.38,929
CUST0985,Diya Saxena,Chennai,Home Office,1,1229.07,930
CUST0071,Ananya Sharma,Pune,Corporate,2,1225.77,931
CUST0986,Anika Verma,Mumbai,Home Office,1,1210.22,932
CUST0469,Ayaan Joshi,Jaipur,Home Office,1,1160.77,933
CUST0863,Reyansh Choudhury,Pune,Home Office,2,1132.86,934
CUST0273,Arjun Gupta,Chennai,Consumer,1,1113.5,935
CUST0500,Arjun Chawla,Ahmedabad,Home Office,1,1099.65,936
CUST0226,Anika Patel,Chennai,Home Office,2,1094.2,937
CUST0296,Reyansh Bhat,Kolkata,Home Office,2,1080.67,938
CUST0200,Unknown Customer,Mumbai,Consumer,2,1080.4,939
CUST0617,Ishaan Kulkarni,Mumbai,Corporate,1,1080.16,940
CUST0215,Aarav Sen,Hyderabad,Home Office,1,1052.4,941
CUST0841,Angel Patel,Pune,Corporate,2,1011.85,942
CUST0136,Vihaan Kulkarni,Ahmedabad,Consumer,1,1001.72,943
CUST0426,Vihaan Mehta,Mumbai,Home Office,1,991.48,944
CUST0514,Ayaan Reddy,Kolkata,Home Office,1,973.47,945
CUST0384,Myra Sen,Pune,Consumer,1,964.32,946
CUST0316,Vihaan Nair,Mumbai,Consumer,3,929.17,947
CUST0074,Ayaan Bhat,Kolkata,Consumer,1,869.49,948
CUST0717,Aditya Sen,Mumbai,Home Office,1,843.32,949
CUST0804,Arjun Sen,Chennai,Corporate,2,776.02,950
CUST0372,Aarav Verma,Kolkata,Corporate,2,755.78,951
CUST0381,Ayaan Rao,Bangalore,Consumer,1,753.66,952
CUST0240,Angel Bhat,Mumbai,Corporate,2,697.0,953
CUST0731,Vihaan Sharma,Bangalore,Corporate,1,663.68,954
CUST0501,Saanvi Patel,Jaipur,Consumer,2,661.43,955
CUST0504,Saanvi Sharma,Bangalore,Home Office,1,661.27,956
CUST0496,Aarav Chawla,Chennai,Home Office,3,636.56,957
CUST0657,Aarav Gupta,Bangalore,Home Office,1,635.85,958
CUST0634,Vihaan Saxena,Hyderabad,Corporate,1,629.63,959
CUST0078,Angel Kulkarni,Pune,Corporate,1,622.71,960
CUST0814,Riya Verma,Jaipur,Corporate,1,613.95,961
CUST0795,Pari Chawla,Mumbai,Home Office,1,611.7,962
CUST0250,Arjun Saxena,Ahmedabad,Consumer,2,575.95,963
CUST0139,Reyansh Joshi,Hyderabad,Corporate,3,573.5,964
CUST0040,Vivaan Deshmukh,Hyderabad,Consumer,2,572.17,965
CUST0012,Anika Gupta,Delhi,Home Office,2,544.52,966
CUST0433,Saanvi Joshi,Mumbai,Home Office,1,495.6,967
CUST0259,Ananya Patel,Unknown City,Home Office,2,481.99,968
CUST0899,Diya Iyer,Unknown City,Corporate,1,467.01,969
CUST0282,Saanvi Kulkarni,Kolkata,Corporate,1,450.2,970
CUST0893,Diya Patel,Ahmedabad,Consumer,1,444.76,971
CUST0262,Sai Deshmukh,Jaipur,Consumer,1,411.3,972
CUST0523,Anika Chawla,Chennai,Corporate,1,339.4,973
CUST0169,Riya Joshi,Mumbai,Corporate,1,337.53,974
CUST0182,Vivaan Patel,Mumbai,Corporate,1,317.76,975
CUST0175,Ayaan Chawla,Pune,Consumer,1,300.81,976
CUST0050,Myra Sen,Pune,Corporate,1,283.02,977
CUST0686,Ishaan Iyer,Delhi,Home Office,1,242.36,978
CUST0354,Aditya Kulkarni,Pune,Consumer,2,241.78,979
CUST0884,Aadhya Nair,Jaipur,Corporate,1,183.64,980
CUST0730,Angel Verma,Chennai,Corporate,1,134.38,981
CUST0022,Ayaan Rao,Hyderabad,Consumer,1,128.53,982
CUST0619,Ishaan Kulkarni,Delhi,Home Office,1,111.89,983
