user_id,user_name,city,effective_from,effective_to,is_current
U1,User_0,Mumbai,2026-01-01,,True
U2,User_1,Delhi,2026-01-01,,True
U3,User_2,Jaipur,2026-01-01,,True
U4,User_3,Mumbai,2026-01-01,,True
U5,User_4,Delhi,2026-01-01,,True
U6,User_5,Mumbai,2026-01-01,,True
U7,User_6,Jaipur,2026-01-01,,True
U8,User_7,Bangalore,2026-01-01,,True
U9,User_8,Jaipur,2026-01-01,2026-04-15,False
U9,User_8,Bangalore,2026-04-16,,True
U10,User_9,Mumbai,2026-01-01,,True
U11,User_10,Mumbai,2026-01-01,,True
U12,User_11,Delhi,2026-01-01,,True
U13,User_12,Mumbai,2026-01-01,,True
U14,User_13,Bangalore,2026-01-01,,True
U15,User_14,Delhi,2026-01-01,,True
U16,User_15,Delhi,2026-01-01,2026-04-15,False
U16,User_15,Jaipur,2026-04-16,,True
U17,User_16,Jaipur,2026-01-01,,True
U18,User_17,Mumbai,2026-01-01,,True
U19,User_18,Jaipur,2026-01-01,,True
U20,User_19,Jaipur,2026-01-01,,True
U21,User_20,Delhi,2026-01-01,2026-04-15,False
U21,User_20,Bangalore,2026-04-16,,True
U22,User_21,Bangalore,2026-01-01,,True
U23,User_22,Bangalore,2026-01-01,,True
U24,User_23,Bangalore,2026-01-01,,True
U25,User_24,Mumbai,2026-01-01,,True
U26,User_25,Jaipur,2026-01-01,2026-04-15,False
U26,User_25,Mumbai,2026-04-16,,True
U27,User_26,Mumbai,2026-01-01,,True
U28,User_27,Delhi,2026-01-01,,True
U29,User_28,Jaipur,2026-01-01,,True
U30,User_29,Jaipur,2026-01-01,2026-04-15,False
U30,User_29,Bangalore,2026-04-16,,True
U31,User_30,Mumbai,2026-01-01,,True
U32,User_31,Bangalore,2026-01-01,2026-04-15,False
U32,User_31,Jaipur,2026-04-16,,True
U33,User_32,Bangalore,2026-01-01,2026-04-15,False
U33,User_32,Jaipur,2026-04-16,,True
U34,User_33,Mumbai,2026-01-01,,True
U35,User_34,Jaipur,2026-01-01,2026-04-15,False
U35,User_34,Bangalore,2026-04-16,,True
U36,User_35,Jaipur,2026-01-01,,True
U37,User_36,Jaipur,2026-01-01,,True
U38,User_37,Mumbai,2026-01-01,,True
U39,User_38,Bangalore,2026-01-01,,True
U40,User_39,Mumbai,2026-01-01,,True
U41,User_40,Bangalore,2026-01-01,,True
U42,User_41,Mumbai,2026-01-01,,True
U43,User_42,Jaipur,2026-01-01,,True
U44,User_43,Delhi,2026-01-01,,True
U45,User_44,Mumbai,2026-01-01,,True
U46,User_45,Delhi,2026-01-01,,True
U47,User_46,Delhi,2026-01-01,,True
U48,User_47,Bangalore,2026-01-01,,True
U49,User_48,Mumbai,2026-01-01,,True
U50,User_49,Mumbai,2026-01-01,,True
U51,User_50,Bangalore,2026-01-01,,True
U52,User_51,Jaipur,2026-01-01,,True
U53,User_52,Mumbai,2026-01-01,,True
U54,User_53,Mumbai,2026-01-01,,True
U55,User_54,Delhi,2026-01-01,,True
U56,User_55,Bangalore,2026-01-01,,True
U57,User_56,Jaipur,2026-01-01,,True
U58,User_57,Bangalore,2026-01-01,,True
U59,User_58,Bangalore,2026-01-01,2026-04-15,False
U59,User_58,Delhi,2026-04-16,,True
U60,User_59,Jaipur,2026-01-01,2026-04-15,False
U60,User_59,Delhi,2026-04-16,,True
U61,User_60,Bangalore,2026-01-01,,True
U62,User_61,Delhi,2026-01-01,,True
U63,User_62,Delhi,2026-01-01,2026-04-15,False
U63,User_62,Mumbai,2026-04-16,,True
U64,User_63,Bangalore,2026-01-01,,True
U65,User_64,Mumbai,2026-01-01,2026-04-15,False
U65,User_64,Delhi,2026-04-16,,True
U66,User_65,Delhi,2026-01-01,,True
U67,User_66,Jaipur,2026-01-01,2026-04-15,False
U67,User_66,Mumbai,2026-04-16,,True
U68,User_67,Jaipur,2026-01-01,2026-04-15,False
U68,User_67,Mumbai,2026-04-16,,True
U69,User_68,Bangalore,2026-01-01,,True
U70,User_69,Jaipur,2026-01-01,2026-04-15,False
U70,User_69,Delhi,2026-04-16,,True
U71,User_70,Jaipur,2026-01-01,,True
U72,User_71,Mumbai,2026-01-01,,True
U73,User_72,Mumbai,2026-01-01,,True
U74,User_73,Bangalore,2026-01-01,,True
U75,User_74,Mumbai,2026-01-01,2026-04-15,False
U75,User_74,Delhi,2026-04-16,,True
U76,User_75,Bangalore,2026-01-01,,True
U77,User_76,Mumbai,2026-01-01,2026-04-15,False
U77,User_76,Delhi,2026-04-16,,True
U78,User_77,Jaipur,2026-01-01,,True
U79,User_78,Delhi,2026-01-01,,True
U80,User_79,Jaipur,2026-01-01,2026-04-15,False
U80,User_79,Bangalore,2026-04-16,,True
U81,User_80,Bangalore,2026-01-01,,True
U82,User_81,Mumbai,2026-01-01,,True
U83,User_82,Bangalore,2026-01-01,,True
U84,User_83,Mumbai,2026-01-01,,True
U85,User_84,Mumbai,2026-01-01,2026-04-15,False
U85,User_84,Jaipur,2026-04-16,,True
U86,User_85,Delhi,2026-01-01,,True
U87,User_86,Mumbai,2026-01-01,,True
U88,User_87,Delhi,2026-01-01,,True
U89,User_88,Mumbai,2026-01-01,,True
U90,User_89,Bangalore,2026-01-01,2026-04-15,False
U90,User_89,Jaipur,2026-04-16,,True
U91,User_90,Bangalore,2026-01-01,,True
U92,User_91,Jaipur,2026-01-01,,True
U93,User_92,Delhi,2026-01-01,,True
U94,User_93,Jaipur,2026-01-01,2026-04-15,False
U94,User_93,Mumbai,2026-04-16,,True
U95,User_94,Mumbai,2026-01-01,,True
U96,User_95,Mumbai,2026-01-01,,True
U97,User_96,Delhi,2026-01-01,,True
U98,User_97,Delhi,2026-01-01,,True
U99,User_98,Delhi,2026-01-01,2026-04-15,False
U99,User_98,Jaipur,2026-04-16,,True
U100,User_99,Bangalore,2026-01-01,,True
U101,User_100,Jaipur,2026-01-01,,True
U102,User_101,Bangalore,2026-01-01,,True
U103,User_102,Delhi,2026-01-01,,True
U104,User_103,Bangalore,2026-01-01,,True
U105,User_104,Delhi,2026-01-01,,True
U106,User_105,Delhi,2026-01-01,,True
U107,User_106,Jaipur,2026-01-01,,True
U108,User_107,Jaipur,2026-01-01,,True
U109,User_108,Delhi,2026-01-01,,True
U110,User_109,Bangalore,2026-01-01,,True
U111,User_110,Delhi,2026-01-01,,True
U112,User_111,Jaipur,2026-01-01,,True
U113,User_112,Delhi,2026-01-01,,True
U114,User_113,Delhi,2026-01-01,,True
U115,User_114,Delhi,2026-01-01,,True
U116,User_115,Bangalore,2026-01-01,2026-04-15,False
U116,User_115,Jaipur,2026-04-16,,True
U117,User_116,Delhi,2026-01-01,,True
U118,User_117,Jaipur,2026-01-01,2026-04-15,False
U118,User_117,Delhi,2026-04-16,,True
U119,User_118,Jaipur,2026-01-01,,True
U120,User_119,Mumbai,2026-01-01,,True
U121,User_120,Delhi,2026-01-01,,True
U122,User_121,Jaipur,2026-01-01,2026-04-15,False
U122,User_121,Delhi,2026-04-16,,True
U123,User_122,Jaipur,2026-01-01,,True
U124,User_123,Mumbai,2026-01-01,,True
U125,User_124,Jaipur,2026-01-01,,True
U126,User_125,Delhi,2026-01-01,,True
U127,User_126,Delhi,2026-01-01,,True
U128,User_127,Bangalore,2026-01-01,2026-04-15,False
U128,User_127,Jaipur,2026-04-16,,True
U129,User_128,Mumbai,2026-01-01,,True
U130,User_129,Jaipur,2026-01-01,,True
U131,User_130,Delhi,2026-01-01,,True
U132,User_131,Bangalore,2026-01-01,,True
U133,User_132,Jaipur,2026-01-01,2026-04-15,False
U133,User_132,Mumbai,2026-04-16,,True
U134,User_133,Bangalore,2026-01-01,,True
U135,User_134,Mumbai,2026-01-01,2026-04-15,False
U135,User_134,Delhi,2026-04-16,,True
U136,User_135,Jaipur,2026-01-01,,True
U137,User_136,Delhi,2026-01-01,,True
U138,User_137,Mumbai,2026-01-01,,True
U139,User_138,Mumbai,2026-01-01,,True
U140,User_139,Jaipur,2026-01-01,,True
U141,User_140,Bangalore,2026-01-01,2026-04-15,False
U141,User_140,Mumbai,2026-04-16,,True
U142,User_141,Bangalore,2026-01-01,,True
U143,User_142,Jaipur,2026-01-01,,True
U144,User_143,Bangalore,2026-01-01,,True
U145,User_144,Delhi,2026-01-01,,True
U146,User_145,Jaipur,2026-01-01,,True
U147,User_146,Jaipur,2026-01-01,,True
U148,User_147,Jaipur,2026-01-01,,True
U149,User_148,Delhi,2026-01-01,,True
U150,User_149,Jaipur,2026-01-01,,True
U151,User_150,Bangalore,2026-01-01,2026-04-15,False
U151,User_150,Delhi,2026-04-16,,True
U152,User_151,Mumbai,2026-01-01,,True
U153,User_152,Delhi,2026-01-01,,True
U154,User_153,Mumbai,2026-01-01,,True
U155,User_154,Mumbai,2026-01-01,2026-04-15,False
U155,User_154,Delhi,2026-04-16,,True
U156,User_155,Delhi,2026-01-01,,True
U157,User_156,Jaipur,2026-01-01,2026-04-15,False
U157,User_156,Delhi,2026-04-16,,True
U158,User_157,Jaipur,2026-01-01,2026-04-15,False
U158,User_157,Bangalore,2026-04-16,,True
U159,User_158,Mumbai,2026-01-01,2026-04-15,False
U159,User_158,Delhi,2026-04-16,,True
U160,User_159,Mumbai,2026-01-01,,True
U161,User_160,Bangalore,2026-01-01,,True
U162,User_161,Delhi,2026-01-01,,True
U163,User_162,Mumbai,2026-01-01,,True
U164,User_163,Jaipur,2026-01-01,,True
U165,User_164,Jaipur,2026-01-01,,True
U166,User_165,Jaipur,2026-01-01,,True
U167,User_166,Mumbai,2026-01-01,,True
U168,User_167,Bangalore,2026-01-01,,True
U169,User_168,Mumbai,2026-01-01,2026-04-15,False
U169,User_168,Jaipur,2026-04-16,,True
U170,User_169,Mumbai,2026-01-01,2026-04-15,False
U170,User_169,Delhi,2026-04-16,,True
U171,User_170,Delhi,2026-01-01,,True
U172,User_171,Delhi,2026-01-01,,True
U173,User_172,Delhi,2026-01-01,,True
U174,User_173,Jaipur,2026-01-01,,True
U175,User_174,Mumbai,2026-01-01,,True
U176,User_175,Mumbai,2026-01-01,,True
U177,User_176,Bangalore,2026-01-01,,True
U178,User_177,Jaipur,2026-01-01,,True
U179,User_178,Delhi,2026-01-01,,True
U180,User_179,Delhi,2026-01-01,2026-04-15,False
U180,User_179,Bangalore,2026-04-16,,True
U181,User_180,Mumbai,2026-01-01,,True
U182,User_181,Mumbai,2026-01-01,,True
U183,User_182,Delhi,2026-01-01,2026-04-15,False
U183,User_182,Jaipur,2026-04-16,,True
U184,User_183,Delhi,2026-01-01,2026-04-15,False
U184,User_183,Bangalore,2026-04-16,,True
U185,User_184,Bangalore,2026-01-01,2026-04-15,False
U185,User_184,Jaipur,2026-04-16,,True
U186,User_185,Jaipur,2026-01-01,,True
U187,User_186,Delhi,2026-01-01,,True
U188,User_187,Jaipur,2026-01-01,,True
U189,User_188,Mumbai,2026-01-01,,True
U190,User_189,Mumbai,2026-01-01,,True
U191,User_190,Jaipur,2026-01-01,,True
U192,User_191,Delhi,2026-01-01,,True
U193,User_192,Delhi,2026-01-01,,True
U194,User_193,Jaipur,2026-01-01,,True
U195,User_194,Bangalore,2026-01-01,,True
U196,User_195,Bangalore,2026-01-01,,True
U197,User_196,Delhi,2026-01-01,,True
U198,User_197,Mumbai,2026-01-01,,True
U199,User_198,Mumbai,2026-01-01,,True
U200,User_199,Jaipur,2026-01-01,,True
U201,User_200,Mumbai,2026-01-01,,True
U202,User_201,Bangalore,2026-01-01,2026-04-15,False
U202,User_201,Mumbai,2026-04-16,,True
U203,User_202,Bangalore,2026-01-01,,True
U204,User_203,Mumbai,2026-01-01,2026-04-15,False
U204,User_203,Jaipur,2026-04-16,,True
U205,User_204,Jaipur,2026-01-01,,True
U206,User_205,Bangalore,2026-01-01,2026-04-15,False
U206,User_205,Jaipur,2026-04-16,,True
U207,User_206,Mumbai,2026-01-01,,True
U208,User_207,Bangalore,2026-01-01,2026-04-15,False
U208,User_207,Jaipur,2026-04-16,,True
U209,User_208,Delhi,2026-01-01,2026-04-15,False
U209,User_208,Bangalore,2026-04-16,,True
U210,User_209,Bangalore,2026-01-01,,True
U211,User_210,Mumbai,2026-01-01,,True
U212,User_211,Bangalore,2026-01-01,,True
U213,User_212,Bangalore,2026-01-01,,True
U214,User_213,Jaipur,2026-01-01,,True
U215,User_214,Jaipur,2026-01-01,2026-04-15,False
U215,User_214,Bangalore,2026-04-16,,True
U216,User_215,Bangalore,2026-01-01,,True
U217,User_216,Bangalore,2026-01-01,,True
U218,User_217,Bangalore,2026-01-01,,True
U219,User_218,Jaipur,2026-01-01,,True
U220,User_219,Bangalore,2026-01-01,,True
U221,User_220,Bangalore,2026-01-01,,True
U222,User_221,Jaipur,2026-01-01,,True
U223,User_222,Delhi,2026-01-01,,True
U224,User_223,Bangalore,2026-01-01,2026-04-15,False
U224,User_223,Jaipur,2026-04-16,,True
U225,User_224,Delhi,2026-01-01,,True
U226,User_225,Bangalore,2026-01-01,2026-04-15,False
U226,User_225,Mumbai,2026-04-16,,True
U227,User_226,Bangalore,2026-01-01,,True
U228,User_227,Jaipur,2026-01-01,2026-04-15,False
U228,User_227,Mumbai,2026-04-16,,True
U229,User_228,Jaipur,2026-01-01,,True
U230,User_229,Mumbai,2026-01-01,,True
U231,User_230,Bangalore,2026-01-01,,True
U232,User_231,Mumbai,2026-01-01,,True
U233,User_232,Mumbai,2026-01-01,,True
U234,User_233,Jaipur,2026-01-01,,True
U235,User_234,Bangalore,2026-01-01,,True
U236,User_235,Jaipur,2026-01-01,,True
U237,User_236,Bangalore,2026-01-01,,True
U238,User_237,Bangalore,2026-01-01,2026-04-15,False
U238,User_237,Delhi,2026-04-16,,True
U239,User_238,Delhi,2026-01-01,,True
U240,User_239,Jaipur,2026-01-01,,True
U241,User_240,Mumbai,2026-01-01,,True
U242,User_241,Bangalore,2026-01-01,2026-04-15,False
U242,User_241,Mumbai,2026-04-16,,True
U243,User_242,Jaipur,2026-01-01,,True
U244,User_243,Mumbai,2026-01-01,2026-04-15,False
U244,User_243,Jaipur,2026-04-16,,True
U245,User_244,Delhi,2026-01-01,2026-04-15,False
U245,User_244,Bangalore,2026-04-16,,True
U246,User_245,Mumbai,2026-01-01,,True
U247,User_246,Mumbai,2026-01-01,,True
U248,User_247,Delhi,2026-01-01,,True
U249,User_248,Delhi,2026-01-01,,True
U250,User_249,Bangalore,2026-01-01,2026-04-15,False
U250,User_249,Jaipur,2026-04-16,,True
U251,User_250,Jaipur,2026-01-01,,True
U252,User_251,Jaipur,2026-01-01,,True
U253,User_252,Mumbai,2026-01-01,,True
U254,User_253,Bangalore,2026-01-01,,True
U255,User_254,Jaipur,2026-01-01,,True
U256,User_255,Bangalore,2026-01-01,,True
U257,User_256,Bangalore,2026-01-01,,True
U258,User_257,Jaipur,2026-01-01,,True
U259,User_258,Jaipur,2026-01-01,,True
U260,User_259,Delhi,2026-01-01,,True
U261,User_260,Jaipur,2026-01-01,,True
U262,User_261,Mumbai,2026-01-01,,True
U263,User_262,Delhi,2026-01-01,,True
U264,User_263,Mumbai,2026-01-01,,True
U265,User_264,Jaipur,2026-01-01,,True
U266,User_265,Mumbai,2026-01-01,2026-04-15,False
U266,User_265,Bangalore,2026-04-16,,True
U267,User_266,Mumbai,2026-01-01,,True
U268,User_267,Jaipur,2026-01-01,,True
U269,User_268,Bangalore,2026-01-01,,True
U270,User_269,Jaipur,2026-01-01,,True
U271,User_270,Jaipur,2026-01-01,,True
U272,User_271,Jaipur,2026-01-01,,True
U273,User_272,Delhi,2026-01-01,,True
U274,User_273,Mumbai,2026-01-01,2026-04-15,False
U274,User_273,Jaipur,2026-04-16,,True
U275,User_274,Mumbai,2026-01-01,,True
U276,User_275,Mumbai,2026-01-01,,True
U277,User_276,Delhi,2026-01-01,2026-04-15,False
U277,User_276,Bangalore,2026-04-16,,True
U278,User_277,Mumbai,2026-01-01,,True
U279,User_278,Delhi,2026-01-01,,True
U280,User_279,Jaipur,2026-01-01,,True
U281,User_280,Mumbai,2026-01-01,2026-04-15,False
U281,User_280,Jaipur,2026-04-16,,True
U282,User_281,Jaipur,2026-01-01,,True
U283,User_282,Mumbai,2026-01-01,,True
U284,User_283,Mumbai,2026-01-01,,True
U285,User_284,Mumbai,2026-01-01,2026-04-15,False
U285,User_284,Delhi,2026-04-16,,True
U286,User_285,Delhi,2026-01-01,2026-04-15,False
U286,User_285,Jaipur,2026-04-16,,True
U287,User_286,Mumbai,2026-01-01,,True
U288,User_287,Bangalore,2026-01-01,,True
U289,User_288,Mumbai,2026-01-01,2026-04-15,False
U289,User_288,Jaipur,2026-04-16,,True
U290,User_289,Delhi,2026-01-01,,True
U291,User_290,Mumbai,2026-01-01,,True
U292,User_291,Jaipur,2026-01-01,,True
U293,User_292,Mumbai,2026-01-01,,True
U294,User_293,Bangalore,2026-01-01,,True
U295,User_294,Bangalore,2026-01-01,,True
U296,User_295,Jaipur,2026-01-01,2026-04-15,False
U296,User_295,Bangalore,2026-04-16,,True
U297,User_296,Bangalore,2026-01-01,,True
U298,User_297,Jaipur,2026-01-01,,True
U299,User_298,Bangalore,2026-01-01,,True
U300,User_299,Jaipur,2026-01-01,,True
U301,User_300,Jaipur,2026-01-01,,True
U302,User_301,Delhi,2026-01-01,,True
U303,User_302,Jaipur,2026-01-01,,True
U304,User_303,Bangalore,2026-01-01,,True
U305,User_304,Bangalore,2026-01-01,,True
U306,User_305,Delhi,2026-01-01,,True
U307,User_306,Bangalore,2026-01-01,2026-04-15,False
U307,User_306,Jaipur,2026-04-16,,True
U308,User_307,Mumbai,2026-01-01,,True
U309,User_308,Bangalore,2026-01-01,2026-04-15,False
U309,User_308,Jaipur,2026-04-16,,True
U310,User_309,Bangalore,2026-01-01,,True
U311,User_310,Jaipur,2026-01-01,,True
U312,User_311,Bangalore,2026-01-01,,True
U313,User_312,Delhi,2026-01-01,,True
U314,User_313,Mumbai,2026-01-01,2026-04-15,False
U314,User_313,Delhi,2026-04-16,,True
U315,User_314,Bangalore,2026-01-01,2026-04-15,False
U315,User_314,Delhi,2026-04-16,,True
U316,User_315,Mumbai,2026-01-01,,True
U317,User_316,Delhi,2026-01-01,,True
U318,User_317,Bangalore,2026-01-01,,True
U319,User_318,Delhi,2026-01-01,2026-04-15,False
U319,User_318,Jaipur,2026-04-16,,True
U320,User_319,Delhi,2026-01-01,,True
U321,User_320,Bangalore,2026-01-01,,True
U322,User_321,Mumbai,2026-01-01,,True
U323,User_322,Mumbai,2026-01-01,,True
U324,User_323,Bangalore,2026-01-01,,True
U325,User_324,Delhi,2026-01-01,,True
U326,User_325,Jaipur,2026-01-01,,True
U327,User_326,Mumbai,2026-01-01,,True
U328,User_327,Delhi,2026-01-01,2026-04-15,False
U328,User_327,Jaipur,2026-04-16,,True
U329,User_328,Mumbai,2026-01-01,,True
U330,User_329,Delhi,2026-01-01,,True
U331,User_330,Jaipur,2026-01-01,2026-04-15,False
U331,User_330,Bangalore,2026-04-16,,True
U332,User_331,Jaipur,2026-01-01,2026-04-15,False
U332,User_331,Mumbai,2026-04-16,,True
U333,User_332,Delhi,2026-01-01,,True
U334,User_333,Delhi,2026-01-01,,True
U335,User_334,Delhi,2026-01-01,,True
U336,User_335,Delhi,2026-01-01,2026-04-15,False
U336,User_335,Mumbai,2026-04-16,,True
U337,User_336,Delhi,2026-01-01,2026-04-15,False
U337,User_336,Bangalore,2026-04-16,,True
U338,User_337,Delhi,2026-01-01,,True
U339,User_338,Mumbai,2026-01-01,,True
U340,User_339,Delhi,2026-01-01,,True
U341,User_340,Bangalore,2026-01-01,,True
U342,User_341,Bangalore,2026-01-01,,True
U343,User_342,Bangalore,2026-01-01,2026-04-15,False
U343,User_342,Mumbai,2026-04-16,,True
U344,User_343,Bangalore,2026-01-01,,True
U345,User_344,Mumbai,2026-01-01,,True
U346,User_345,Bangalore,2026-01-01,,True
U347,User_346,Mumbai,2026-01-01,2026-04-15,False
U347,User_346,Jaipur,2026-04-16,,True
U348,User_347,Mumbai,2026-01-01,2026-04-15,False
U348,User_347,Jaipur,2026-04-16,,True
U349,User_348,Jaipur,2026-01-01,2026-04-15,False
U349,User_348,Bangalore,2026-04-16,,True
U350,User_349,Bangalore,2026-01-01,,True
U351,User_350,Delhi,2026-01-01,,True
U352,User_351,Jaipur,2026-01-01,,True
U353,User_352,Delhi,2026-01-01,2026-04-15,False
U353,User_352,Bangalore,2026-04-16,,True
U354,User_353,Delhi,2026-01-01,,True
U355,User_354,Bangalore,2026-01-01,2026-04-15,False
U355,User_354,Delhi,2026-04-16,,True
U356,User_355,Bangalore,2026-01-01,,True
U357,User_356,Jaipur,2026-01-01,,True
U358,User_357,Mumbai,2026-01-01,,True
U359,User_358,Jaipur,2026-01-01,2026-04-15,False
U359,User_358,Bangalore,2026-04-16,,True
U360,User_359,Bangalore,2026-01-01,,True
U361,User_360,Bangalore,2026-01-01,,True
U362,User_361,Mumbai,2026-01-01,,True
U363,User_362,Bangalore,2026-01-01,,True
U364,User_363,Mumbai,2026-01-01,,True
U365,User_364,Mumbai,2026-01-01,,True
U366,User_365,Mumbai,2026-01-01,,True
U367,User_366,Delhi,2026-01-01,2026-04-15,False
U367,User_366,Mumbai,2026-04-16,,True
U368,User_367,Jaipur,2026-01-01,,True
U369,User_368,Bangalore,2026-01-01,,True
U370,User_369,Delhi,2026-01-01,,True
U371,User_370,Bangalore,2026-01-01,,True
U372,User_371,Jaipur,2026-01-01,,True
U373,User_372,Bangalore,2026-01-01,,True
U374,User_373,Jaipur,2026-01-01,,True
U375,User_374,Jaipur,2026-01-01,,True
U376,User_375,Mumbai,2026-01-01,,True
U377,User_376,Mumbai,2026-01-01,,True
U378,User_377,Delhi,2026-01-01,,True
U379,User_378,Delhi,2026-01-01,,True
U380,User_379,Mumbai,2026-01-01,,True
U381,User_380,Bangalore,2026-01-01,2026-04-15,False
U381,User_380,Delhi,2026-04-16,,True
U382,User_381,Mumbai,2026-01-01,,True
U383,User_382,Jaipur,2026-01-01,,True
U384,User_383,Jaipur,2026-01-01,,True
U385,User_384,Delhi,2026-01-01,2026-04-15,False
U385,User_384,Bangalore,2026-04-16,,True
U386,User_385,Bangalore,2026-01-01,,True
U387,User_386,Bangalore,2026-01-01,2026-04-15,False
U387,User_386,Delhi,2026-04-16,,True
U388,User_387,Delhi,2026-01-01,,True
U389,User_388,Bangalore,2026-01-01,,True
U390,User_389,Mumbai,2026-01-01,2026-04-15,False
U390,User_389,Jaipur,2026-04-16,,True
U391,User_390,Mumbai,2026-01-01,2026-04-15,False
U391,User_390,Jaipur,2026-04-16,,True
U392,User_391,Delhi,2026-01-01,,True
U393,User_392,Delhi,2026-01-01,2026-04-15,False
U393,User_392,Bangalore,2026-04-16,,True
U394,User_393,Jaipur,2026-01-01,,True
U395,User_394,Delhi,2026-01-01,2026-04-15,False
U395,User_394,Jaipur,2026-04-16,,True
U396,User_395,Delhi,2026-01-01,,True
U397,User_396,Mumbai,2026-01-01,,True
U398,User_397,Jaipur,2026-01-01,,True
U399,User_398,Bangalore,2026-01-01,,True
U400,User_399,Mumbai,2026-01-01,,True
U401,User_400,Jaipur,2026-01-01,,True
U402,User_401,Bangalore,2026-01-01,,True
U403,User_402,Jaipur,2026-01-01,2026-04-15,False
U403,User_402,Bangalore,2026-04-16,,True
U404,User_403,Mumbai,2026-01-01,2026-04-15,False
U404,User_403,Bangalore,2026-04-16,,True
U405,User_404,Mumbai,2026-01-01,,True
U406,User_405,Delhi,2026-01-01,,True
U407,User_406,Delhi,2026-01-01,2026-04-15,False
U407,User_406,Jaipur,2026-04-16,,True
U408,User_407,Bangalore,2026-01-01,,True
U409,User_408,Mumbai,2026-01-01,2026-04-15,False
U409,User_408,Bangalore,2026-04-16,,True
U410,User_409,Delhi,2026-01-01,,True
U411,User_410,Jaipur,2026-01-01,,True
U412,User_411,Bangalore,2026-01-01,,True
U413,User_412,Jaipur,2026-01-01,2026-04-15,False
U413,User_412,Bangalore,2026-04-16,,True
U414,User_413,Mumbai,2026-01-01,,True
U415,User_414,Bangalore,2026-01-01,,True
U416,User_415,Delhi,2026-01-01,2026-04-15,False
U416,User_415,Bangalore,2026-04-16,,True
U417,User_416,Delhi,2026-01-01,,True
U418,User_417,Delhi,2026-01-01,,True
U419,User_418,Jaipur,2026-01-01,,True
U420,User_419,Bangalore,2026-01-01,,True
U421,User_420,Bangalore,2026-01-01,,True
U422,User_421,Delhi,2026-01-01,,True
U423,User_422,Mumbai,2026-01-01,,True
U424,User_423,Delhi,2026-01-01,,True
U425,User_424,Delhi,2026-01-01,2026-04-15,False
U425,User_424,Mumbai,2026-04-16,,True
U426,User_425,Delhi,2026-01-01,,True
U427,User_426,Bangalore,2026-01-01,2026-04-15,False
U427,User_426,Jaipur,2026-04-16,,True
U428,User_427,Jaipur,2026-01-01,,True
U429,User_428,Bangalore,2026-01-01,2026-04-15,False
U429,User_428,Jaipur,2026-04-16,,True
U430,User_429,Bangalore,2026-01-01,,True
U431,User_430,Mumbai,2026-01-01,,True
U432,User_431,Bangalore,2026-01-01,2026-04-15,False
U432,User_431,Mumbai,2026-04-16,,True
U433,User_432,Delhi,2026-01-01,,True
U434,User_433,Delhi,2026-01-01,,True
U435,User_434,Bangalore,2026-01-01,,True
U436,User_435,Jaipur,2026-01-01,2026-04-15,False
U436,User_435,Mumbai,2026-04-16,,True
U437,User_436,Mumbai,2026-01-01,,True
U438,User_437,Mumbai,2026-01-01,,True
U439,User_438,Mumbai,2026-01-01,,True
U440,User_439,Delhi,2026-01-01,,True
U441,User_440,Jaipur,2026-01-01,,True
U442,User_441,Mumbai,2026-01-01,,True
U443,User_442,Bangalore,2026-01-01,2026-04-15,False
U443,User_442,Delhi,2026-04-16,,True
U444,User_443,Delhi,2026-01-01,2026-04-15,False
U444,User_443,Jaipur,2026-04-16,,True
U445,User_444,Bangalore,2026-01-01,,True
U446,User_445,Jaipur,2026-01-01,2026-04-15,False
U446,User_445,Delhi,2026-04-16,,True
U447,User_446,Jaipur,2026-01-01,,True
U448,User_447,Bangalore,2026-01-01,2026-04-15,False
U448,User_447,Mumbai,2026-04-16,,True
U449,User_448,Delhi,2026-01-01,,True
U450,User_449,Bangalore,2026-01-01,,True
U451,User_450,Delhi,2026-01-01,,True
U452,User_451,Bangalore,2026-01-01,,True
U453,User_452,Mumbai,2026-01-01,,True
U454,User_453,Mumbai,2026-01-01,,True
U455,User_454,Bangalore,2026-01-01,,True
U456,User_455,Jaipur,2026-01-01,,True
U457,User_456,Mumbai,2026-01-01,,True
U458,User_457,Bangalore,2026-01-01,,True
U459,User_458,Delhi,2026-01-01,,True
U460,User_459,Bangalore,2026-01-01,,True
U461,User_460,Bangalore,2026-01-01,,True
U462,User_461,Delhi,2026-01-01,2026-04-15,False
U462,User_461,Mumbai,2026-04-16,,True
U463,User_462,Bangalore,2026-01-01,,True
U464,User_463,Jaipur,2026-01-01,2026-04-15,False
U464,User_463,Bangalore,2026-04-16,,True
U465,User_464,Delhi,2026-01-01,,True
U466,User_465,Mumbai,2026-01-01,,True
U467,User_466,Delhi,2026-01-01,2026-04-15,False
U467,User_466,Bangalore,2026-04-16,,True
U468,User_467,Delhi,2026-01-01,,True
U469,User_468,Mumbai,2026-01-01,2026-04-15,False
U469,User_468,Delhi,2026-04-16,,True
U470,User_469,Bangalore,2026-01-01,,True
U471,User_470,Delhi,2026-01-01,2026-04-15,False
U471,User_470,Mumbai,2026-04-16,,True
U472,User_471,Bangalore,2026-01-01,2026-04-15,False
U472,User_471,Mumbai,2026-04-16,,True
U473,User_472,Delhi,2026-01-01,,True
U474,User_473,Mumbai,2026-01-01,,True
U475,User_474,Mumbai,2026-01-01,,True
U476,User_475,Jaipur,2026-01-01,,True
U477,User_476,Jaipur,2026-01-01,,True
U478,User_477,Jaipur,2026-01-01,,True
U479,User_478,Mumbai,2026-01-01,,True
U480,User_479,Mumbai,2026-01-01,,True
U481,User_480,Mumbai,2026-01-01,,True
U482,User_481,Jaipur,2026-01-01,,True
U483,User_482,Bangalore,2026-01-01,,True
U484,User_483,Delhi,2026-01-01,,True
U485,User_484,Delhi,2026-01-01,,True
U486,User_485,Bangalore,2026-01-01,,True
U487,User_486,Mumbai,2026-01-01,,True
U488,User_487,Delhi,2026-01-01,,True
U489,User_488,Delhi,2026-01-01,,True
U490,User_489,Bangalore,2026-01-01,,True
U491,User_490,Jaipur,2026-01-01,,True
U492,User_491,Delhi,2026-01-01,,True
U493,User_492,Bangalore,2026-01-01,,True
U494,User_493,Jaipur,2026-01-01,2026-04-15,False
U494,User_493,Delhi,2026-04-16,,True
U495,User_494,Bangalore,2026-01-01,,True
U496,User_495,Mumbai,2026-01-01,,True
U497,User_496,Mumbai,2026-01-01,,True
U498,User_497,Mumbai,2026-01-01,,True
U499,User_498,Delhi,2026-01-01,,True
U500,User_499,Jaipur,2026-01-01,,True
U501,User_500,Jaipur,2026-01-01,,True
U502,User_501,Mumbai,2026-01-01,2026-04-15,False
U502,User_501,Jaipur,2026-04-16,,True
U503,User_502,Bangalore,2026-01-01,,True
U504,User_503,Bangalore,2026-01-01,,True
U505,User_504,Mumbai,2026-01-01,2026-04-15,False
U505,User_504,Bangalore,2026-04-16,,True
U506,User_505,Delhi,2026-01-01,,True
U507,User_506,Mumbai,2026-01-01,2026-04-15,False
U507,User_506,Bangalore,2026-04-16,,True
U508,User_507,Mumbai,2026-01-01,,True
U509,User_508,Mumbai,2026-01-01,,True
U510,User_509,Delhi,2026-01-01,2026-04-15,False
U510,User_509,Bangalore,2026-04-16,,True
U511,User_510,Jaipur,2026-01-01,2026-04-15,False
U511,User_510,Bangalore,2026-04-16,,True
U512,User_511,Bangalore,2026-01-01,,True
U513,User_512,Mumbai,2026-01-01,,True
U514,User_513,Mumbai,2026-01-01,,True
U515,User_514,Delhi,2026-01-01,,True
U516,User_515,Mumbai,2026-01-01,,True
U517,User_516,Bangalore,2026-01-01,2026-04-15,False
U517,User_516,Delhi,2026-04-16,,True
U518,User_517,Mumbai,2026-01-01,,True
U519,User_518,Jaipur,2026-01-01,,True
U520,User_519,Mumbai,2026-01-01,,True
U521,User_520,Bangalore,2026-01-01,,True
U522,User_521,Bangalore,2026-01-01,2026-04-15,False
U522,User_521,Delhi,2026-04-16,,True
U523,User_522,Mumbai,2026-01-01,,True
U524,User_523,Delhi,2026-01-01,,True
U525,User_524,Mumbai,2026-01-01,2026-04-15,False
U525,User_524,Bangalore,2026-04-16,,True
U526,User_525,Jaipur,2026-01-01,,True
U527,User_526,Bangalore,2026-01-01,2026-04-15,False
U527,User_526,Jaipur,2026-04-16,,True
U528,User_527,Bangalore,2026-01-01,,True
U529,User_528,Mumbai,2026-01-01,,True
U530,User_529,Delhi,2026-01-01,,True
U531,User_530,Bangalore,2026-01-01,,True
U532,User_531,Mumbai,2026-01-01,,True
U533,User_532,Mumbai,2026-01-01,,True
U534,User_533,Delhi,2026-01-01,,True
U535,User_534,Mumbai,2026-01-01,,True
U536,User_535,Bangalore,2026-01-01,,True
U537,User_536,Jaipur,2026-01-01,,True
U538,User_537,Mumbai,2026-01-01,,True
U539,User_538,Bangalore,2026-01-01,,True
U540,User_539,Bangalore,2026-01-01,,True
U541,User_540,Mumbai,2026-01-01,2026-04-15,False
U541,User_540,Bangalore,2026-04-16,,True
U542,User_541,Delhi,2026-01-01,2026-04-15,False
U542,User_541,Jaipur,2026-04-16,,True
U543,User_542,Bangalore,2026-01-01,,True
U544,User_543,Mumbai,2026-01-01,,True
U545,User_544,Bangalore,2026-01-01,2026-04-15,False
U545,User_544,Jaipur,2026-04-16,,True
U546,User_545,Bangalore,2026-01-01,,True
U547,User_546,Jaipur,2026-01-01,,True
U548,User_547,Jaipur,2026-01-01,,True
U549,User_548,Mumbai,2026-01-01,2026-04-15,False
U549,User_548,Jaipur,2026-04-16,,True
U550,User_549,Mumbai,2026-01-01,2026-04-15,False
U550,User_549,Jaipur,2026-04-16,,True
U551,User_550,Bangalore,2026-01-01,2026-04-15,False
U551,User_550,Mumbai,2026-04-16,,True
U552,User_551,Delhi,2026-01-01,,True
U553,User_552,Delhi,2026-01-01,,True
U554,User_553,Jaipur,2026-01-01,,True
U555,User_554,Mumbai,2026-01-01,,True
U556,User_555,Bangalore,2026-01-01,,True
U557,User_556,Bangalore,2026-01-01,,True
U558,User_557,Mumbai,2026-01-01,2026-04-15,False
U558,User_557,Jaipur,2026-04-16,,True
U559,User_558,Bangalore,2026-01-01,,True
U560,User_559,Jaipur,2026-01-01,,True
U561,User_560,Jaipur,2026-01-01,2026-04-15,False
U561,User_560,Delhi,2026-04-16,,True
U562,User_561,Delhi,2026-01-01,,True
U563,User_562,Bangalore,2026-01-01,,True
U564,User_563,Jaipur,2026-01-01,,True
U565,User_564,Jaipur,2026-01-01,,True
U566,User_565,Mumbai,2026-01-01,,True
U567,User_566,Bangalore,2026-01-01,2026-04-15,False
U567,User_566,Jaipur,2026-04-16,,True
U568,User_567,Delhi,2026-01-01,2026-04-15,False
U568,User_567,Bangalore,2026-04-16,,True
U569,User_568,Delhi,2026-01-01,2026-04-15,False
U569,User_568,Mumbai,2026-04-16,,True
U570,User_569,Bangalore,2026-01-01,,True
U571,User_570,Delhi,2026-01-01,,True
U572,User_571,Mumbai,2026-01-01,,True
U573,User_572,Delhi,2026-01-01,2026-04-15,False
U573,User_572,Jaipur,2026-04-16,,True
U574,User_573,Delhi,2026-01-01,,True
U575,User_574,Bangalore,2026-01-01,2026-04-15,False
U575,User_574,Mumbai,2026-04-16,,True
U576,User_575,Mumbai,2026-01-01,2026-04-15,False
U576,User_575,Delhi,2026-04-16,,True
U577,User_576,Mumbai,2026-01-01,,True
U578,User_577,Delhi,2026-01-01,,True
U579,User_578,Bangalore,2026-01-01,,True
U580,User_579,Jaipur,2026-01-01,,True
U581,User_580,Delhi,2026-01-01,,True
U582,User_581,Mumbai,2026-01-01,,True
U583,User_582,Jaipur,2026-01-01,,True
U584,User_583,Mumbai,2026-01-01,,True
U585,User_584,Delhi,2026-01-01,,True
U586,User_585,Mumbai,2026-01-01,,True
U587,User_586,Mumbai,2026-01-01,2026-04-15,False
U587,User_586,Delhi,2026-04-16,,True
U588,User_587,Bangalore,2026-01-01,,True
U589,User_588,Mumbai,2026-01-01,,True
U590,User_589,Bangalore,2026-01-01,2026-04-15,False
U590,User_589,Jaipur,2026-04-16,,True
U591,User_590,Bangalore,2026-01-01,,True
U592,User_591,Delhi,2026-01-01,,True
U593,User_592,Mumbai,2026-01-01,,True
U594,User_593,Jaipur,2026-01-01,,True
U595,User_594,Delhi,2026-01-01,2026-04-15,False
U595,User_594,Bangalore,2026-04-16,,True
U596,User_595,Mumbai,2026-01-01,,True
U597,User_596,Jaipur,2026-01-01,2026-04-15,False
U597,User_596,Bangalore,2026-04-16,,True
U598,User_597,Mumbai,2026-01-01,2026-04-15,False
U598,User_597,Delhi,2026-04-16,,True
U599,User_598,Bangalore,2026-01-01,,True
U600,User_599,Jaipur,2026-01-01,,True
U601,User_600,Delhi,2026-01-01,2026-04-15,False
U601,User_600,Bangalore,2026-04-16,,True
U602,User_601,Jaipur,2026-01-01,2026-04-15,False
U602,User_601,Delhi,2026-04-16,,True
U603,User_602,Bangalore,2026-01-01,,True
U604,User_603,Mumbai,2026-01-01,,True
U605,User_604,Mumbai,2026-01-01,2026-04-15,False
U605,User_604,Delhi,2026-04-16,,True
U606,User_605,Jaipur,2026-01-01,,True
U607,User_606,Mumbai,2026-01-01,,True
U608,User_607,Jaipur,2026-01-01,,True
U609,User_608,Delhi,2026-01-01,,True
U610,User_609,Delhi,2026-01-01,,True
U611,User_610,Delhi,2026-01-01,2026-04-15,False
U611,User_610,Jaipur,2026-04-16,,True
U612,User_611,Jaipur,2026-01-01,,True
U613,User_612,Jaipur,2026-01-01,,True
U614,User_613,Mumbai,2026-01-01,,True
U615,User_614,Mumbai,2026-01-01,,True
U616,User_615,Bangalore,2026-01-01,,True
U617,User_616,Bangalore,2026-01-01,,True
U618,User_617,Delhi,2026-01-01,,True
U619,User_618,Delhi,2026-01-01,,True
U620,User_619,Bangalore,2026-01-01,,True
U621,User_620,Mumbai,2026-01-01,2026-04-15,False
U621,User_620,Jaipur,2026-04-16,,True
U622,User_621,Mumbai,2026-01-01,,True
U623,User_622,Bangalore,2026-01-01,,True
U624,User_623,Mumbai,2026-01-01,,True
U625,User_624,Mumbai,2026-01-01,,True
U626,User_625,Mumbai,2026-01-01,,True
U627,User_626,Delhi,2026-01-01,,True
U628,User_627,Delhi,2026-01-01,,True
U629,User_628,Bangalore,2026-01-01,,True
U630,User_629,Bangalore,2026-01-01,,True
U631,User_630,Jaipur,2026-01-01,,True
U632,User_631,Mumbai,2026-01-01,,True
U633,User_632,Jaipur,2026-01-01,,True
U634,User_633,Delhi,2026-01-01,,True
U635,User_634,Jaipur,2026-01-01,,True
U636,User_635,Delhi,2026-01-01,,True
U637,User_636,Jaipur,2026-01-01,,True
U638,User_637,Delhi,2026-01-01,,True
U639,User_638,Jaipur,2026-01-01,2026-04-15,False
U639,User_638,Mumbai,2026-04-16,,True
U640,User_639,Jaipur,2026-01-01,,True
U641,User_640,Bangalore,2026-01-01,,True
U642,User_641,Jaipur,2026-01-01,,True
U643,User_642,Mumbai,2026-01-01,,True
U644,User_643,Jaipur,2026-01-01,,True
U645,User_644,Delhi,2026-01-01,,True
U646,User_645,Jaipur,2026-01-01,,True
U647,User_646,Mumbai,2026-01-01,2026-04-15,False
U647,User_646,Delhi,2026-04-16,,True
U648,User_647,Jaipur,2026-01-01,,True
U649,User_648,Delhi,2026-01-01,,True
U650,User_649,Mumbai,2026-01-01,,True
U651,User_650,Mumbai,2026-01-01,,True
U652,User_651,Mumbai,2026-01-01,,True
U653,User_652,Bangalore,2026-01-01,2026-04-15,False
U653,User_652,Mumbai,2026-04-16,,True
U654,User_653,Mumbai,2026-01-01,,True
U655,User_654,Delhi,2026-01-01,,True
U656,User_655,Delhi,2026-01-01,,True
U657,User_656,Bangalore,2026-01-01,,True
U658,User_657,Delhi,2026-01-01,2026-04-15,False
U658,User_657,Bangalore,2026-04-16,,True
U659,User_658,Delhi,2026-01-01,,True
U660,User_659,Delhi,2026-01-01,,True
U661,User_660,Bangalore,2026-01-01,2026-04-15,False
U661,User_660,Mumbai,2026-04-16,,True
U662,User_661,Mumbai,2026-01-01,2026-04-15,False
U662,User_661,Delhi,2026-04-16,,True
U663,User_662,Jaipur,2026-01-01,,True
U664,User_663,Mumbai,2026-01-01,,True
U665,User_664,Mumbai,2026-01-01,,True
U666,User_665,Jaipur,2026-01-01,,True
U667,User_666,Bangalore,2026-01-01,2026-04-15,False
U667,User_666,Jaipur,2026-04-16,,True
U668,User_667,Bangalore,2026-01-01,,True
U669,User_668,Delhi,2026-01-01,,True
U670,User_669,Bangalore,2026-01-01,,True
U671,User_670,Jaipur,2026-01-01,2026-04-15,False
U671,User_670,Mumbai,2026-04-16,,True
U672,User_671,Delhi,2026-01-01,,True
U673,User_672,Bangalore,2026-01-01,2026-04-15,False
U673,User_672,Mumbai,2026-04-16,,True
U674,User_673,Bangalore,2026-01-01,2026-04-15,False
U674,User_673,Mumbai,2026-04-16,,True
U675,User_674,Bangalore,2026-01-01,,True
U676,User_675,Jaipur,2026-01-01,2026-04-15,False
U676,User_675,Delhi,2026-04-16,,True
U677,User_676,Jaipur,2026-01-01,2026-04-15,False
U677,User_676,Bangalore,2026-04-16,,True
U678,User_677,Mumbai,2026-01-01,,True
U679,User_678,Bangalore,2026-01-01,2026-04-15,False
U679,User_678,Delhi,2026-04-16,,True
U680,User_679,Bangalore,2026-01-01,,True
U681,User_680,Jaipur,2026-01-01,,True
U682,User_681,Delhi,2026-01-01,,True
U683,User_682,Jaipur,2026-01-01,,True
U684,User_683,Bangalore,2026-01-01,2026-04-15,False
U684,User_683,Jaipur,2026-04-16,,True
U685,User_684,Mumbai,2026-01-01,2026-04-15,False
U685,User_684,Jaipur,2026-04-16,,True
U686,User_685,Mumbai,2026-01-01,,True
U687,User_686,Bangalore,2026-01-01,,True
U688,User_687,Mumbai,2026-01-01,2026-04-15,False
U688,User_687,Bangalore,2026-04-16,,True
U689,User_688,Bangalore,2026-01-01,,True
U690,User_689,Mumbai,2026-01-01,,True
U691,User_690,Bangalore,2026-01-01,,True
U692,User_691,Bangalore,2026-01-01,2026-04-15,False
U692,User_691,Delhi,2026-04-16,,True
U693,User_692,Delhi,2026-01-01,2026-04-15,False
U693,User_692,Mumbai,2026-04-16,,True
U694,User_693,Bangalore,2026-01-01,2026-04-15,False
U694,User_693,Mumbai,2026-04-16,,True
U695,User_694,Jaipur,2026-01-01,,True
U696,User_695,Delhi,2026-01-01,2026-04-15,False
U696,User_695,Mumbai,2026-04-16,,True
U697,User_696,Bangalore,2026-01-01,,True
U698,User_697,Mumbai,2026-01-01,,True
U699,User_698,Jaipur,2026-01-01,,True
U700,User_699,Jaipur,2026-01-01,,True
U701,User_700,Bangalore,2026-01-01,,True
U702,User_701,Bangalore,2026-01-01,2026-04-15,False
U702,User_701,Jaipur,2026-04-16,,True
U703,User_702,Bangalore,2026-01-01,2026-04-15,False
U703,User_702,Mumbai,2026-04-16,,True
U704,User_703,Delhi,2026-01-01,,True
U705,User_704,Bangalore,2026-01-01,,True
U706,User_705,Delhi,2026-01-01,,True
U707,User_706,Delhi,2026-01-01,,True
U708,User_707,Mumbai,2026-01-01,,True
U709,User_708,Delhi,2026-01-01,2026-04-15,False
U709,User_708,Jaipur,2026-04-16,,True
U710,User_709,Mumbai,2026-01-01,2026-04-15,False
U710,User_709,Bangalore,2026-04-16,,True
U711,User_710,Jaipur,2026-01-01,,True
U712,User_711,Mumbai,2026-01-01,,True
U713,User_712,Delhi,2026-01-01,,True
U714,User_713,Delhi,2026-01-01,,True
U715,User_714,Bangalore,2026-01-01,,True
U716,User_715,Jaipur,2026-01-01,2026-04-15,False
U716,User_715,Mumbai,2026-04-16,,True
U717,User_716,Mumbai,2026-01-01,,True
U718,User_717,Jaipur,2026-01-01,2026-04-15,False
U718,User_717,Delhi,2026-04-16,,True
U719,User_718,Mumbai,2026-01-01,,True
U720,User_719,Delhi,2026-01-01,,True
U721,User_720,Mumbai,2026-01-01,,True
U722,User_721,Delhi,2026-01-01,,True
U723,User_722,Delhi,2026-01-01,,True
U724,User_723,Jaipur,2026-01-01,,True
U725,User_724,Delhi,2026-01-01,,True
U726,User_725,Delhi,2026-01-01,,True
U727,User_726,Delhi,2026-01-01,,True
U728,User_727,Mumbai,2026-01-01,2026-04-15,False
U728,User_727,Jaipur,2026-04-16,,True
U729,User_728,Delhi,2026-01-01,2026-04-15,False
U729,User_728,Bangalore,2026-04-16,,True
U730,User_729,Mumbai,2026-01-01,,True
U731,User_730,Bangalore,2026-01-01,,True
U732,User_731,Mumbai,2026-01-01,,True
U733,User_732,Jaipur,2026-01-01,,True
U734,User_733,Mumbai,2026-01-01,,True
U735,User_734,Delhi,2026-01-01,,True
U736,User_735,Jaipur,2026-01-01,,True
U737,User_736,Mumbai,2026-01-01,,True
U738,User_737,Jaipur,2026-01-01,,True
U739,User_738,Mumbai,2026-01-01,,True
U740,User_739,Jaipur,2026-01-01,,True
U741,User_740,Delhi,2026-01-01,,True
U742,User_741,Mumbai,2026-01-01,,True
U743,User_742,Bangalore,2026-01-01,,True
U744,User_743,Jaipur,2026-01-01,,True
U745,User_744,Delhi,2026-01-01,,True
U746,User_745,Delhi,2026-01-01,,True
U747,User_746,Mumbai,2026-01-01,2026-04-15,False
U747,User_746,Delhi,2026-04-16,,True
U748,User_747,Bangalore,2026-01-01,,True
U749,User_748,Jaipur,2026-01-01,,True
U750,User_749,Mumbai,2026-01-01,,True
U751,User_750,Delhi,2026-01-01,2026-04-15,False
U751,User_750,Jaipur,2026-04-16,,True
U752,User_751,Jaipur,2026-01-01,,True
U753,User_752,Delhi,2026-01-01,2026-04-15,False
U753,User_752,Bangalore,2026-04-16,,True
U754,User_753,Bangalore,2026-01-01,,True
U755,User_754,Delhi,2026-01-01,,True
U756,User_755,Bangalore,2026-01-01,,True
U757,User_756,Bangalore,2026-01-01,2026-04-15,False
U757,User_756,Delhi,2026-04-16,,True
U758,User_757,Delhi,2026-01-01,,True
U759,User_758,Mumbai,2026-01-01,,True
U760,User_759,Jaipur,2026-01-01,,True
U761,User_760,Delhi,2026-01-01,,True
U762,User_761,Bangalore,2026-01-01,,True
U763,User_762,Jaipur,2026-01-01,,True
U764,User_763,Bangalore,2026-01-01,2026-04-15,False
U764,User_763,Mumbai,2026-04-16,,True
U765,User_764,Mumbai,2026-01-01,,True
U766,User_765,Jaipur,2026-01-01,2026-04-15,False
U766,User_765,Bangalore,2026-04-16,,True
U767,User_766,Mumbai,2026-01-01,,True
U768,User_767,Bangalore,2026-01-01,,True
U769,User_768,Mumbai,2026-01-01,2026-04-15,False
U769,User_768,Bangalore,2026-04-16,,True
U770,User_769,Mumbai,2026-01-01,,True
U771,User_770,Bangalore,2026-01-01,,True
U772,User_771,Bangalore,2026-01-01,,True
U773,User_772,Bangalore,2026-01-01,,True
U774,User_773,Delhi,2026-01-01,2026-04-15,False
U774,User_773,Jaipur,2026-04-16,,True
U775,User_774,Mumbai,2026-01-01,,True
U776,User_775,Jaipur,2026-01-01,,True
U777,User_776,Mumbai,2026-01-01,,True
U778,User_777,Mumbai,2026-01-01,2026-04-15,False
U778,User_777,Delhi,2026-04-16,,True
U779,User_778,Delhi,2026-01-01,,True
U780,User_779,Mumbai,2026-01-01,,True
U781,User_780,Jaipur,2026-01-01,2026-04-15,False
U781,User_780,Delhi,2026-04-16,,True
U782,User_781,Delhi,2026-01-01,,True
U783,User_782,Bangalore,2026-01-01,,True
U784,User_783,Delhi,2026-01-01,,True
U785,User_784,Bangalore,2026-01-01,,True
U786,User_785,Mumbai,2026-01-01,,True
U787,User_786,Delhi,2026-01-01,,True
U788,User_787,Jaipur,2026-01-01,,True
U789,User_788,Delhi,2026-01-01,,True
U790,User_789,Mumbai,2026-01-01,,True
U791,User_790,Jaipur,2026-01-01,,True
U792,User_791,Jaipur,2026-01-01,,True
U793,User_792,Bangalore,2026-01-01,,True
U794,User_793,Jaipur,2026-01-01,,True
U795,User_794,Mumbai,2026-01-01,,True
U796,User_795,Mumbai,2026-01-01,,True
U797,User_796,Jaipur,2026-01-01,,True
U798,User_797,Bangalore,2026-01-01,,True
U799,User_798,Mumbai,2026-01-01,,True
U800,User_799,Bangalore,2026-01-01,,True
U801,User_800,Jaipur,2026-01-01,,True
U802,User_801,Bangalore,2026-01-01,2026-04-15,False
U802,User_801,Jaipur,2026-04-16,,True
U803,User_802,Bangalore,2026-01-01,,True
U804,User_803,Bangalore,2026-01-01,,True
U805,User_804,Mumbai,2026-01-01,,True
U806,User_805,Jaipur,2026-01-01,,True
U807,User_806,Bangalore,2026-01-01,,True
U808,User_807,Bangalore,2026-01-01,,True
U809,User_808,Bangalore,2026-01-01,,True
U810,User_809,Jaipur,2026-01-01,,True
U811,User_810,Delhi,2026-01-01,,True
U812,User_811,Mumbai,2026-01-01,,True
U813,User_812,Bangalore,2026-01-01,,True
U814,User_813,Delhi,2026-01-01,,True
U815,User_814,Mumbai,2026-01-01,2026-04-15,False
U815,User_814,Jaipur,2026-04-16,,True
U816,User_815,Mumbai,2026-01-01,,True
U817,User_816,Delhi,2026-01-01,,True
U818,User_817,Jaipur,2026-01-01,2026-04-15,False
U818,User_817,Delhi,2026-04-16,,True
U819,User_818,Mumbai,2026-01-01,,True
U820,User_819,Bangalore,2026-01-01,2026-04-15,False
U820,User_819,Jaipur,2026-04-16,,True
U821,User_820,Mumbai,2026-01-01,,True
U822,User_821,Jaipur,2026-01-01,,True
U823,User_822,Jaipur,2026-01-01,2026-04-15,False
U823,User_822,Mumbai,2026-04-16,,True
U824,User_823,Mumbai,2026-01-01,,True
U825,User_824,Jaipur,2026-01-01,2026-04-15,False
U825,User_824,Mumbai,2026-04-16,,True
U826,User_825,Jaipur,2026-01-01,,True
U827,User_826,Mumbai,2026-01-01,,True
U828,User_827,Delhi,2026-01-01,2026-04-15,False
U828,User_827,Bangalore,2026-04-16,,True
U829,User_828,Delhi,2026-01-01,,True
U830,User_829,Delhi,2026-01-01,,True
U831,User_830,Jaipur,2026-01-01,,True
U832,User_831,Delhi,2026-01-01,,True
U833,User_832,Jaipur,2026-01-01,,True
U834,User_833,Delhi,2026-01-01,2026-04-15,False
U834,User_833,Jaipur,2026-04-16,,True
U835,User_834,Mumbai,2026-01-01,,True
U836,User_835,Mumbai,2026-01-01,,True
U837,User_836,Mumbai,2026-01-01,2026-04-15,False
U837,User_836,Delhi,2026-04-16,,True
U838,User_837,Jaipur,2026-01-01,,True
U839,User_838,Jaipur,2026-01-01,,True
U840,User_839,Jaipur,2026-01-01,2026-04-15,False
U840,User_839,Bangalore,2026-04-16,,True
U841,User_840,Delhi,2026-01-01,,True
U842,User_841,Bangalore,2026-01-01,,True
U843,User_842,Delhi,2026-01-01,,True
U844,User_843,Mumbai,2026-01-01,,True
U845,User_844,Mumbai,2026-01-01,2026-04-15,False
U845,User_844,Jaipur,2026-04-16,,True
U846,User_845,Mumbai,2026-01-01,,True
U847,User_846,Delhi,2026-01-01,2026-04-15,False
U847,User_846,Bangalore,2026-04-16,,True
U848,User_847,Jaipur,2026-01-01,,True
U849,User_848,Mumbai,2026-01-01,2026-04-15,False
U849,User_848,Delhi,2026-04-16,,True
U850,User_849,Mumbai,2026-01-01,,True
U851,User_850,Mumbai,2026-01-01,,True
U852,User_851,Bangalore,2026-01-01,,True
U853,User_852,Mumbai,2026-01-01,,True
U854,User_853,Delhi,2026-01-01,,True
U855,User_854,Mumbai,2026-01-01,,True
U856,User_855,Mumbai,2026-01-01,2026-04-15,False
U856,User_855,Delhi,2026-04-16,,True
U857,User_856,Delhi,2026-01-01,,True
U858,User_857,Bangalore,2026-01-01,,True
U859,User_858,Bangalore,2026-01-01,2026-04-15,False
U859,User_858,Jaipur,2026-04-16,,True
U860,User_859,Delhi,2026-01-01,,True
U861,User_860,Delhi,2026-01-01,2026-04-15,False
U861,User_860,Bangalore,2026-04-16,,True
U862,User_861,Jaipur,2026-01-01,,True
U863,User_862,Jaipur,2026-01-01,,True
U864,User_863,Jaipur,2026-01-01,2026-04-15,False
U864,User_863,Delhi,2026-04-16,,True
U865,User_864,Mumbai,2026-01-01,,True
U866,User_865,Delhi,2026-01-01,,True
U867,User_866,Bangalore,2026-01-01,,True
U868,User_867,Jaipur,2026-01-01,,True
U869,User_868,Delhi,2026-01-01,,True
U870,User_869,Bangalore,2026-01-01,,True
U871,User_870,Jaipur,2026-01-01,,True
U872,User_871,Jaipur,2026-01-01,,True
U873,User_872,Jaipur,2026-01-01,2026-04-15,False
U873,User_872,Delhi,2026-04-16,,True
U874,User_873,Bangalore,2026-01-01,,True
U875,User_874,Jaipur,2026-01-01,,True
U876,User_875,Delhi,2026-01-01,,True
U877,User_876,Mumbai,2026-01-01,,True
U878,User_877,Delhi,2026-01-01,,True
U879,User_878,Delhi,2026-01-01,,True
U880,User_879,Delhi,2026-01-01,,True
U881,User_880,Bangalore,2026-01-01,,True
U882,User_881,Mumbai,2026-01-01,,True
U883,User_882,Bangalore,2026-01-01,,True
U884,User_883,Delhi,2026-01-01,,True
U885,User_884,Bangalore,2026-01-01,2026-04-15,False
U885,User_884,Jaipur,2026-04-16,,True
U886,User_885,Bangalore,2026-01-01,2026-04-15,False
U886,User_885,Jaipur,2026-04-16,,True
U887,User_886,Jaipur,2026-01-01,,True
U888,User_887,Delhi,2026-01-01,,True
U889,User_888,Jaipur,2026-01-01,,True
U890,User_889,Bangalore,2026-01-01,,True
U891,User_890,Mumbai,2026-01-01,,True
U892,User_891,Bangalore,2026-01-01,,True
U893,User_892,Delhi,2026-01-01,,True
U894,User_893,Jaipur,2026-01-01,,True
U895,User_894,Bangalore,2026-01-01,2026-04-15,False
U895,User_894,Delhi,2026-04-16,,True
U896,User_895,Bangalore,2026-01-01,,True
U897,User_896,Jaipur,2026-01-01,,True
U898,User_897,Mumbai,2026-01-01,,True
U899,User_898,Bangalore,2026-01-01,,True
U900,User_899,Jaipur,2026-01-01,,True
U901,User_900,Bangalore,2026-01-01,2026-04-15,False
U901,User_900,Mumbai,2026-04-16,,True
U902,User_901,Mumbai,2026-01-01,,True
U903,User_902,Bangalore,2026-01-01,,True
U904,User_903,Jaipur,2026-01-01,,True
U905,User_904,Mumbai,2026-01-01,,True
U906,User_905,Bangalore,2026-01-01,,True
U907,User_906,Jaipur,2026-01-01,,True
U908,User_907,Mumbai,2026-01-01,,True
U909,User_908,Delhi,2026-01-01,2026-04-15,False
U909,User_908,Bangalore,2026-04-16,,True
U910,User_909,Mumbai,2026-01-01,,True
U911,User_910,Delhi,2026-01-01,,True
U912,User_911,Jaipur,2026-01-01,,True
U913,User_912,Jaipur,2026-01-01,,True
U914,User_913,Jaipur,2026-01-01,,True
U915,User_914,Jaipur,2026-01-01,,True
U916,User_915,Jaipur,2026-01-01,,True
U917,User_916,Bangalore,2026-01-01,,True
U918,User_917,Mumbai,2026-01-01,,True
U919,User_918,Delhi,2026-01-01,2026-04-15,False
U919,User_918,Bangalore,2026-04-16,,True
U920,User_919,Bangalore,2026-01-01,,True
U921,User_920,Mumbai,2026-01-01,2026-04-15,False
U921,User_920,Bangalore,2026-04-16,,True
U922,User_921,Bangalore,2026-01-01,2026-04-15,False
U922,User_921,Jaipur,2026-04-16,,True
U923,User_922,Delhi,2026-01-01,,True
U924,User_923,Mumbai,2026-01-01,,True
U925,User_924,Bangalore,2026-01-01,2026-04-15,False
U925,User_924,Mumbai,2026-04-16,,True
U926,User_925,Delhi,2026-01-01,,True
U927,User_926,Bangalore,2026-01-01,,True
U928,User_927,Jaipur,2026-01-01,,True
U929,User_928,Jaipur,2026-01-01,2026-04-15,False
U929,User_928,Mumbai,2026-04-16,,True
U930,User_929,Bangalore,2026-01-01,,True
U931,User_930,Bangalore,2026-01-01,,True
U932,User_931,Mumbai,2026-01-01,,True
U933,User_932,Bangalore,2026-01-01,,True
U934,User_933,Mumbai,2026-01-01,,True
U935,User_934,Delhi,2026-01-01,,True
U936,User_935,Mumbai,2026-01-01,,True
U937,User_936,Bangalore,2026-01-01,,True
U938,User_937,Bangalore,2026-01-01,,True
U939,User_938,Mumbai,2026-01-01,,True
U940,User_939,Delhi,2026-01-01,,True
U941,User_940,Jaipur,2026-01-01,,True
U942,User_941,Mumbai,2026-01-01,,True
U943,User_942,Delhi,2026-01-01,,True
U944,User_943,Mumbai,2026-01-01,,True
U945,User_944,Jaipur,2026-01-01,,True
U946,User_945,Delhi,2026-01-01,2026-04-15,False
U946,User_945,Mumbai,2026-04-16,,True
U947,User_946,Delhi,2026-01-01,,True
U948,User_947,Bangalore,2026-01-01,,True
U949,User_948,Jaipur,2026-01-01,,True
U950,User_949,Jaipur,2026-01-01,2026-04-15,False
U950,User_949,Mumbai,2026-04-16,,True
U951,User_950,Mumbai,2026-01-01,,True
U952,User_951,Mumbai,2026-01-01,,True
U953,User_952,Delhi,2026-01-01,,True
U954,User_953,Jaipur,2026-01-01,,True
U955,User_954,Jaipur,2026-01-01,,True
U956,User_955,Delhi,2026-01-01,,True
U957,User_956,Bangalore,2026-01-01,,True
U958,User_957,Jaipur,2026-01-01,,True
U959,User_958,Mumbai,2026-01-01,,True
U960,User_959,Mumbai,2026-01-01,2026-04-15,False
U960,User_959,Bangalore,2026-04-16,,True
U961,User_960,Mumbai,2026-01-01,,True
U962,User_961,Mumbai,2026-01-01,,True
U963,User_962,Mumbai,2026-01-01,2026-04-15,False
U963,User_962,Bangalore,2026-04-16,,True
U964,User_963,Jaipur,2026-01-01,,True
U965,User_964,Jaipur,2026-01-01,,True
U966,User_965,Mumbai,2026-01-01,,True
U967,User_966,Delhi,2026-01-01,,True
U968,User_967,Jaipur,2026-01-01,,True
U969,User_968,Bangalore,2026-01-01,2026-04-15,False
U969,User_968,Delhi,2026-04-16,,True
U970,User_969,Delhi,2026-01-01,,True
U971,User_970,Mumbai,2026-01-01,,True
U972,User_971,Bangalore,2026-01-01,2026-04-15,False
U972,User_971,Jaipur,2026-04-16,,True
U973,User_972,Jaipur,2026-01-01,,True
U974,User_973,Mumbai,2026-01-01,,True
U975,User_974,Delhi,2026-01-01,2026-04-15,False
U975,User_974,Bangalore,2026-04-16,,True
U976,User_975,Mumbai,2026-01-01,,True
U977,User_976,Delhi,2026-01-01,2026-04-15,False
U977,User_976,Bangalore,2026-04-16,,True
U978,User_977,Jaipur,2026-01-01,,True
U979,User_978,Mumbai,2026-01-01,,True
U980,User_979,Delhi,2026-01-01,2026-04-15,False
U980,User_979,Mumbai,2026-04-16,,True
U981,User_980,Jaipur,2026-01-01,,True
U982,User_981,Delhi,2026-01-01,,True
U983,User_982,Delhi,2026-01-01,,True
U984,User_983,Delhi,2026-01-01,2026-04-15,False
U984,User_983,Jaipur,2026-04-16,,True
U985,User_984,Bangalore,2026-01-01,,True
U986,User_985,Bangalore,2026-01-01,,True
U987,User_986,Bangalore,2026-01-01,,True
U988,User_987,Mumbai,2026-01-01,,True
U989,User_988,Jaipur,2026-01-01,,True
U990,User_989,Jaipur,2026-01-01,,True
U991,User_990,Mumbai,2026-01-01,,True
U992,User_991,Delhi,2026-01-01,,True
U993,User_992,Delhi,2026-01-01,,True
U994,User_993,Mumbai,2026-01-01,,True
U995,User_994,Mumbai,2026-01-01,,True
U996,User_995,Delhi,2026-01-01,,True
U997,User_996,Bangalore,2026-01-01,,True
U998,User_997,Mumbai,2026-01-01,,True
U999,User_998,Bangalore,2026-01-01,,True
U1000,User_999,Jaipur,2026-01-01,,True
